isin,symbol,name,market,yahoo_ticker,kind,currency
DK0010231877,3NOV25,Investeringsselsk af 3.nov2025,Nasdaq Copenhagen,3NOV25.CO,stock,DKK
SE0017936891,4C,4C Group,Nasdaq Stockholm,4C.ST,stock,SEK
DE000TRAT0N7,8TRA,TRATON,Nasdaq Stockholm,8TRA.ST,stock,SEK
DK0060868966,AAB,AaB,Nasdaq Copenhagen,AAB.CO,stock,DKK
SE0021020716,AAC,AAC Clyde Space,Nasdaq Stockholm,AAC.ST,stock,SEK
SE0011337708,AAK,AAK,Nasdaq Stockholm,AAK.ST,stock,SEK
FI4000369608,AALLON,Aallon Group Oyj,Nasdaq Helsinki,AALLON.HE,stock,EUR
CH0012221716,ABB,ABB Ltd,Nasdaq Stockholm,ABB.ST,stock,SEK
SE0006256558,ABSO,Absolent Air Care Group,Nasdaq Stockholm,ABSO.ST,stock,SEK
SE0007897079,ACAD,AcadeMedia,Nasdaq Stockholm,ACAD.ST,stock,SEK
SE0009268717,ACARIX,Acarix,Nasdaq Stockholm,ACARIX.ST,stock,SEK
SE0015960935,ACAST,Acast,Nasdaq Stockholm,ACAST.ST,stock,SEK
SE0010546242,ACCON,Acconeer,Nasdaq Stockholm,ACCON.ST,stock,SEK
SE0010573113,ACE,Ascelia Pharma,Nasdaq Stockholm,ACE.ST,stock,SEK
FI0009008080,ACG1V,Aspocomp Group Oyj,Nasdaq Helsinki,ACG1V.HE,stock,EUR
SE0009189608,ACOU,AcouSort,Nasdaq Stockholm,ACOU.ST,stock,SEK
SE0015660014,ACRI A,Acrinova A,Nasdaq Stockholm,ACRI-A.ST,stock,SEK
SE0015660030,ACRI B,Acrinova B,Nasdaq Stockholm,ACRI-B.ST,stock,SEK
SE0001863291,ACROUD,ACROUD,Nasdaq Stockholm,ACROUD.ST,stock,SEK
SE0029278555,ACTI,Active Biotech,Nasdaq Stockholm,ACTI.ST,stock,SEK
SE0017833171,ACUVI,Acuvi,Nasdaq Stockholm,ACUVI.ST,stock,SEK
SE0014781795,ADDT B,Addtech B,Nasdaq Stockholm,ADDT-B.ST,stock,SEK
FI4000251830,ADMCM,Admicom Oyj,Nasdaq Helsinki,ADMCM.HE,stock,EUR
FI4000513411,ADMIN,Administer Oyj,Nasdaq Helsinki,ADMIN.HE,stock,EUR
SE0016833149,ADTR,Adtraction Group,Nasdaq Stockholm,ADTR.ST,stock,SEK
SE0006219473,ADVE,Advenica AB,Nasdaq Stockholm,ADVE.ST,stock,SEK
CA00830W5019,AEC,AFRICA ENERGY CORP.,Nasdaq Stockholm,AEC.ST,stock,SEK
SE0023440557,AERO,Svenska Aerogel Holding,Nasdaq Stockholm,AERO.ST,stock,SEK
FI0009800098,AFAGR,Afarak Group,Nasdaq Helsinki,AFAGR.HE,stock,EUR
SE0005999836,AFRY,AFRY,Nasdaq Stockholm,AFRY.ST,stock,SEK
DK0010258995,AGAT,Agat Ejendomme,Nasdaq Copenhagen,AGAT.CO,stock,DKK
SE0005799046,AGES B,Ages Industri B,Nasdaq Stockholm,AGES-B.ST,stock,SEK
DK0010263722,AGF B,AGF B,Nasdaq Copenhagen,AGF-B.CO,stock,DKK
DK0060955854,AGILC,Agillic,Nasdaq Copenhagen,AGILC.CO,stock,DKK
SE0016276851,AGROUP,Arlandastad Group,Nasdaq Stockholm,AGROUP.ST,stock,SEK
SE0008588354,AGTIRA B,Agtira B,Nasdaq Stockholm,AGTIRA-B.ST,stock,SEK
FI4000507934,AIFORIA,Aiforia Technologies Oyj,Nasdaq Helsinki,AIFORIA.HE,stock,EUR
SE0009242555,AINO,Aino Health,Nasdaq Stockholm,AINO.ST,stock,SEK
SE0028778498,AIRA,AI Revenue Assistant Software,Nasdaq Stockholm,AIRA.ST,stock,SEK
SE0026876476,AJA B,Byggmästare A J Ahlström H,Nasdaq Stockholm,AJA-B.ST,stock,SEK
FI4000058870,AKTIA,Aktia Pankki,Nasdaq Helsinki,AKTIA.HE,stock,EUR
FI0009000103,ALBAV,Ålandsbanken Abp A,Nasdaq Helsinki,ALBAV.HE,stock,EUR
FI0009001127,ALBBV,Ålandsbanken Abp B,Nasdaq Helsinki,ALBBV.HE,stock,EUR
SE0016797989,ALBERT,eEducation Albert,Nasdaq Stockholm,ALBERT.ST,stock,SEK
SE0008732218,ALCA,Alcadon Group,Nasdaq Stockholm,ALCA.ST,stock,SEK
DK0061407699,ALEFRM,Alefarm Brewing,Nasdaq Copenhagen,ALEFRM.CO,stock,DKK
FI4000153465,ALEX,Alexandria Group Oyj,Nasdaq Helsinki,ALEX.HE,stock,EUR
SE0000695876,ALFA,Alfa Laval,Nasdaq Stockholm,ALFA.ST,stock,SEK
SE0014401378,ALIF B,AddLife B,Nasdaq Stockholm,ALIF-B.ST,stock,SEK
SE0007158910,ALIG,Alimak Group,Nasdaq Stockholm,ALIG.ST,stock,SEK
FI4000170915,ALISA,Alisa Pankki Oyj,Nasdaq Helsinki,ALISA.HE,stock,EUR
SE0021309614,ALIV SDB,Autoliv SDB,Nasdaq Stockholm,ALIV-SDB.ST,stock,SEK
DK0061802139,ALK B,ALK-Abelló B,Nasdaq Copenhagen,ALK-B.CO,stock,DKK
SE0017615644,ALLEI,Alleima,Nasdaq Stockholm,ALLEI.ST,stock,SEK
SE0009922305,ALLIGO B,Alligo B,Nasdaq Stockholm,ALLIGO-B.ST,stock,SEK
SE0004109627,ALM PREF,ALM Equity Pref,Nasdaq Stockholm,ALM-PREF.ST,stock,SEK
SE0018741985,ALM,ALM Equity,Nasdaq Stockholm,ALM.ST,stock,SEK
FI0009013114,ALMA,Alma Media Oyj,Nasdaq Helsinki,ALMA.HE,stock,EUR
DK0015250344,ALMB,Alm. Brand,Nasdaq Copenhagen,ALMB.CO,stock,DKK
SE0016845655,ALPCOT B,Alpcot Holding B,Nasdaq Stockholm,ALPCOT-B.ST,stock,SEK
DK0010311471,ALSYDB,AL Sydbank,Nasdaq Copenhagen,ALSYDB.CO,stock,DKK
SE0011426428,ALTRA,Altra Fastigheter,Nasdaq Stockholm,ALTRA.ST,stock,SEK
SE0025011463,ALVO SDB,Alvotech SDB,Nasdaq Stockholm,ALVO-SDB.ST,stock,SEK
LU2458332611,ALVO,Alvotech,Nasdaq Iceland,ALVO.IC,stock,ISK
SE0007413455,ALZ,Alzinova,Nasdaq Stockholm,ALZ.ST,stock,SEK
SE0010133785,ALZCUR,AlzeCure Pharma,Nasdaq Stockholm,ALZCUR.ST,stock,SEK
SE0009663826,AMBEA,Ambea,Nasdaq Stockholm,AMBEA.ST,stock,SEK
DK0060946788,AMBU B,Ambu,Nasdaq Copenhagen,AMBU-B.CO,stock,DKK
CA02311U1030,AMRQ,Amaroq Ltd.,Nasdaq Iceland,AMRQ.IC,stock,ISK
SE0015221684,ANNE B,Annehem Fastigheter B,Nasdaq Stockholm,ANNE-B.ST,stock,SEK
SE0025159387,ANNX,Annexin Pharmaceuticals,Nasdaq Stockholm,ANNX.ST,stock,SEK
SE0017885767,ANOD B,Addnode Group B,Nasdaq Stockholm,ANOD-B.ST,stock,SEK
FI4000292438,ANORA,Anora Group Oyj,Nasdaq Helsinki,ANORA.HE,stock,EUR
DK0061686714,AOJ B,Brdr. A & O Johansen B,Nasdaq Copenhagen,AOJ-B.CO,stock,DKK
FI0009003503,APETIT,Apetit Oyj,Nasdaq Helsinki,APETIT.HE,stock,EUR
SE0023313762,APOTEA,Apotea,Nasdaq Stockholm,APOTEA.ST,stock,SEK
SE0022062196,AQ,AQ Group,Nasdaq Stockholm,AQ.ST,stock,SEK
SE0006219176,ARCOMA,Arcoma,Nasdaq Stockholm,ARCOMA.ST,stock,SEK
SE0024172779,ARCT,Arctic Minerals,Nasdaq Stockholm,ARCT.ST,stock,SEK
SE0017769136,ARCTIC,Arctic Blue Beverages,Nasdaq Stockholm,ARCTIC.ST,stock,SEK
SE0027767849,ARENIT SDB,ARENIT Industrie SDB,Nasdaq Stockholm,ARENIT-SDB.ST,stock,SEK
SE0026821076,ARFA,Arctic Falls,Nasdaq Stockholm,ARFA.ST,stock,SEK
SE0010413567,ARION SDB,Arion Banki SDB,Nasdaq Stockholm,ARION-SDB.ST,stock,SEK
IS0000028157,ARION,Arion banki,Nasdaq Iceland,ARION.IC,stock,ISK
SE0010468116,ARJO B,Arjo B,Nasdaq Stockholm,ARJO-B.ST,stock,SEK
PLARTPR00012,ARP,Arctic Paper,Nasdaq Stockholm,ARP.ST,stock,SEK
SE0015810817,ARPL,Arla Plast,Nasdaq Stockholm,ARPL.ST,stock,SEK
FI4000532320,ARVOSK,Arvo Sijoitusosuuskunta,Nasdaq Helsinki,ARVOSK.HE,stock,EUR
IS0000026193,ASAR,Ásar,Nasdaq Iceland,ASAR.IC,stock,ISK
SE0024171458,ASKER,Asker Healthcare Group,Nasdaq Stockholm,ASKER.ST,stock,SEK
SE0023615638,ASMDEE B,Asmodee Group B,Nasdaq Stockholm,ASMDEE-B.ST,stock,SEK
FI0009008072,ASPO,Aspo Oyj,Nasdaq Helsinki,ASPO.HE,stock,EUR
SE0007100581,ASSA B,ASSA ABLOY B,Nasdaq Stockholm,ASSA-B.ST,stock,SEK
FI4000517602,ASUNTO,Asuntosalkku Oyj,Nasdaq Helsinki,ASUNTO.HE,stock,EUR
SE0017486889,ATCO A,Atlas Copco A,Nasdaq Stockholm,ATCO-A.ST,stock,SEK
SE0017486897,ATCO B,Atlas Copco B,Nasdaq Stockholm,ATCO-B.ST,stock,SEK
SE0009269467,ATIC,Actic Group,Nasdaq Stockholm,ATIC.ST,stock,SEK
SE0018014060,ATIN,Athanase Innovation,Nasdaq Stockholm,ATIN.ST,stock,SEK
FO000A0DN9X4,ATLA DKK,Atlantic Petroleum,Nasdaq Copenhagen,ATLA-DKK.CO,stock,DKK
SE0024173637,ATORX,Alligator Bioscience,Nasdaq Stockholm,ATORX.ST,stock,SEK
FI0009006548,ATRAV,Atria Oyj A,Nasdaq Helsinki,ATRAV.HE,stock,EUR
SE0024320832,ATRLJ B,Atrium Ljungberg B,Nasdaq Stockholm,ATRLJ-B.ST,stock,SEK
SE0007666110,ATT,Attendo,Nasdaq Stockholm,ATT.ST,stock,SEK
FI4000586409,AUROORA,Auroora Group,Nasdaq Helsinki,AUROORA.HE,stock,EUR
SE0025666969,AVARDA,Avarda Bank,Nasdaq Stockholm,AVARDA.ST,stock,SEK
SE0000671745,AVEN,Avensia,Nasdaq Stockholm,AVEN.ST,stock,SEK
SE0004270445,AVT B,Avtech Sweden B,Nasdaq Stockholm,AVT-B.ST,stock,SEK
SE0006993770,AXFO,Axfood,Nasdaq Stockholm,AXFO.ST,stock,SEK
SE0005250719,AXIC A,aXichem A,Nasdaq Stockholm,AXIC-A.ST,stock,SEK
SE0009414303,AXOLOT,Axolot Solutions Holding,Nasdaq Stockholm,AXOLOT.ST,stock,SEK
SE0029951458,AXVIK,Axvik Group,Nasdaq Stockholm,AXVIK.ST,stock,SEK
SE0012454072,AZA,Avanza Bank Holding,Nasdaq Stockholm,AZA.ST,stock,SEK
GB0009895292,AZN,AstraZeneca,Nasdaq Stockholm,AZN.ST,stock,SEK
SE0008347660,B3,B3 Consulting Group,Nasdaq Stockholm,B3.ST,stock,SEK
SE0005878741,BACTI B,Bactiguard Holding B,Nasdaq Stockholm,BACTI-B.ST,stock,SEK
DK0061417730,BACTIQ,BactiQuant,Nasdaq Copenhagen,BACTIQ.CO,stock,DKK
SE0010442418,BAHN B,Bahnhof B,Nasdaq Stockholm,BAHN-B.ST,stock,SEK
SE0010323998,BALCO,Balco Group,Nasdaq Stockholm,BALCO.ST,stock,SEK
SE0017832488,BALD B,Fast. Balder B,Nasdaq Stockholm,BALD-B.ST,stock,SEK
DK0064869408,BARDJU,BAR DJUS,Nasdaq Copenhagen,BARDJU.CO,stock,DKK
DK0015998017,BAVA,Bavarian Nordic,Nasdaq Copenhagen,BAVA.CO,stock,DKK
SE0017487424,BAWAT,Bawat Water Technologies,Nasdaq Stockholm,BAWAT.ST,stock,SEK
SE0016288476,BBROOM,New Bubbleroom Sweden,Nasdaq Stockholm,BBROOM.ST,stock,SEK
SE0016799068,BEAMMW B,BeammWave B,Nasdaq Stockholm,BEAMMW-B.ST,stock,SEK
FI4000038054,BEER,Nokian Panimo Oyj,Nasdaq Helsinki,BEER.HE,stock,EUR
SE0008321921,BEGR,BE Group,Nasdaq Stockholm,BEGR.ST,stock,SEK
SE0011090547,BEIA B,Beijer Alma B,Nasdaq Stockholm,BEIA-B.ST,stock,SEK
SE0015949748,BEIJ B,Beijer Ref B,Nasdaq Stockholm,BEIJ-B.ST,stock,SEK
IS0000028678,BERA,Bera,Nasdaq Iceland,BERA.IC,stock,ISK
SE0000101362,BERG B,Bergman & Beving B,Nasdaq Stockholm,BERG-B.ST,stock,SEK
SE0006143129,BERNER B,Berner Industrier B,Nasdaq Stockholm,BERNER-B.ST,stock,SEK
SE0015195706,BESQAB PREF B,Besqab Pref B,Nasdaq Stockholm,BESQAB-PREF-B.ST,stock,SEK
SE0010547786,BESQAB,Besqab,Nasdaq Stockholm,BESQAB.ST,stock,SEK
DK0060952240,BETCO DKK,Better Collective,Nasdaq Copenhagen,BETCO-DKK.CO,stock,DKK
DK0060952240,BETCO,Better Collective,Nasdaq Stockholm,BETCO.ST,stock,SEK
FI4000512587,BETOLAR,Betolar Oyj,Nasdaq Helsinki,BETOLAR.HE,stock,EUR
SE0022726485,BETS B,Betsson B,Nasdaq Stockholm,BETS-B.ST,stock,SEK
SE0010948588,BHG,BHG Group,Nasdaq Stockholm,BHG.ST,stock,SEK
SE0013647385,BICO,BICO Group,Nasdaq Stockholm,BICO.ST,stock,SEK
DK0010247956,BIF,Brøndby IF,Nasdaq Copenhagen,BIF.CO,stock,DKK
SE0009921588,BILI A,Bilia A,Nasdaq Stockholm,BILI-A.ST,stock,SEK
SE0000862997,BILL,Billerud,Nasdaq Stockholm,BILL.ST,stock,SEK
SE0011644376,BIM,BIMobject,Nasdaq Stockholm,BIM.ST,stock,SEK
SE0005249570,BINERO,Binero Group,Nasdaq Stockholm,BINERO.ST,stock,SEK
SE0015244520,BINV,BioInvent International,Nasdaq Stockholm,BINV.ST,stock,SEK
SE0010323311,BIOA B,BioArctic B,Nasdaq Stockholm,BIOA-B.ST,stock,SEK
FI0009005482,BIOBV,Biohit Oyj B,Nasdaq Helsinki,BIOBV.HE,stock,EUR
SE0016276752,BIOEX,Bioextrax,Nasdaq Stockholm,BIOEX.ST,stock,SEK
SE0017769995,BIOG B,BioGaia B,Nasdaq Stockholm,BIOG-B.ST,stock,SEK
DK0064867972,BIOMAR,BioMar Group,Nasdaq Copenhagen,BIOMAR.CO,stock,DKK
DK0011048619,BIOPOR,BioPorto,Nasdaq Copenhagen,BIOPOR.CO,stock,DKK
SE0026821852,BIOSGN,Biosergen,Nasdaq Stockholm,BIOSGN.ST,stock,SEK
SE0008613731,BIOVIC B,Biovica International B,Nasdaq Stockholm,BIOVIC-B.ST,stock,SEK
FI0009007264,BITTI,Bittium Oyj,Nasdaq Helsinki,BITTI.HE,stock,EUR
SE0009806045,BLINC B,BlincVision AB B,Nasdaq Stockholm,BLINC-B.ST,stock,SEK
SE0003303627,BMAX,Byggmax Group,Nasdaq Stockholm,BMAX.ST,stock,SEK
SE0022757860,BMC,Brock Milton Capital,Nasdaq Stockholm,BMC.ST,stock,SEK
DK0010218429,BO,Bang & Olufsen,Nasdaq Copenhagen,BO.CO,stock,DKK
SE0015407390,BOAT,Nimbus Group,Nasdaq Stockholm,BOAT.ST,stock,SEK
SE0009697212,BOHO PREF,Boho Group Pref,Nasdaq Stockholm,BOHO-PREF.ST,stock,SEK
SE0009697204,BOHO,Boho Group,Nasdaq Stockholm,BOHO.ST,stock,SEK
SE0016074256,BOKUS,Bokusgruppen,Nasdaq Stockholm,BOKUS.ST,stock,SEK
SE0020050417,BOL,Boliden,Nasdaq Stockholm,BOL.ST,stock,SEK
SE0014583332,BOMILL,BoMill,Nasdaq Stockholm,BOMILL.ST,stock,SEK
SE0007157953,BONAS,Bonäsudden Holding,Nasdaq Stockholm,BONAS.ST,stock,SEK
SE0008091573,BONAV A,Bonava A,Nasdaq Stockholm,BONAV-A.ST,stock,SEK
SE0008091581,BONAV B,Bonava B,Nasdaq Stockholm,BONAV-B.ST,stock,SEK
SE0009858152,BONEX,BONESUPPORT HOLDING,Nasdaq Stockholm,BONEX.ST,stock,SEK
SE0000396061,BONG,Bong,Nasdaq Stockholm,BONG.ST,stock,SEK
SE0009888738,BOOZT DKK,Boozt,Nasdaq Copenhagen,BOOZT-DKK.CO,stock,DKK
SE0009888738,BOOZT,Boozt,Nasdaq Stockholm,BOOZT.ST,stock,SEK
FI0009900724,BOREO,Boreo Oyj,Nasdaq Helsinki,BOREO.HE,stock,EUR
SE0021921327,BORG,Björn Borg,Nasdaq Stockholm,BORG.ST,stock,SEK
SE0010494708,BOTX,Botnia Gold,Nasdaq Stockholm,BOTX.ST,stock,SEK
SE0011231158,BOUL,Boule Diagnostics,Nasdaq Stockholm,BOUL.ST,stock,SEK
SE0005731833,BRAIN,BrainCool,Nasdaq Stockholm,BRAIN.ST,stock,SEK
SE0007491303,BRAV,Bravida Holding,Nasdaq Stockholm,BRAV.ST,stock,SEK
SE0021921822,BRAVE,Kinda Brave Entertainment,Nasdaq Stockholm,BRAVE.ST,stock,SEK
FI4000480454,BRETEC,Bioretec Oy,Nasdaq Helsinki,BRETEC.HE,stock,EUR
SE0017937279,BRIGHT,BrightBid Group,Nasdaq Stockholm,BRIGHT.ST,stock,SEK
SE0015811625,BRILL,Brilliant Future,Nasdaq Stockholm,BRILL.ST,stock,SEK
IS0000000297,BRIM,Brim,Nasdaq Iceland,BRIM.IC,stock,ISK
SE0008347652,BRIN B,Brinova Fastigheter B,Nasdaq Stockholm,BRIN-B.ST,stock,SEK
SE0000805426,BTS B,BTS Group B,Nasdaq Stockholm,BTS-B.ST,stock,SEK
SE0025010671,BUFAB,Bufab,Nasdaq Stockholm,BUFAB.ST,stock,SEK
SE0003849223,BULTEN,Bulten,Nasdaq Stockholm,BULTEN.ST,stock,SEK
SE0000195810,BURE,Bure Equity,Nasdaq Stockholm,BURE.ST,stock,SEK
SE0027099326,BUSER,Bambuser,Nasdaq Stockholm,BUSER.ST,stock,SEK
SE0015660287,BUY,Sweden BuyersClub,Nasdaq Stockholm,BUY.ST,stock,SEK
SE0009242324,BYGGP,ByggPartner Gruppen,Nasdaq Stockholm,BYGGP.ST,stock,SEK
SE0011923341,CAG,CAG Group,Nasdaq Stockholm,CAG.ST,stock,SEK
SE0017564800,CALVIK,Calviks,Nasdaq Stockholm,CALVIK.ST,stock,SEK
SE0007692850,CAMX,Camurus,Nasdaq Stockholm,CAMX.ST,stock,SEK
FI4000512496,CANATU,Canatu Oyj A,Nasdaq Helsinki,CANATU.HE,stock,EUR
SE0016797773,CANDLE B,Candles Scandinavia B,Nasdaq Stockholm,CANDLE-B.ST,stock,SEK
SE0006371126,CANTA,Cantargia,Nasdaq Stockholm,CANTA.ST,stock,SEK
FI0009009377,CAPMAN,CapMan Oyj,Nasdaq Helsinki,CAPMAN.HE,stock,EUR
SE0023261599,CARA,Carasent,Nasdaq Stockholm,CARA.ST,stock,SEK
SE0017131824,CARE,Careium,Nasdaq Stockholm,CARE.ST,stock,SEK
DK0010181676,CARL A,Carlsberg A,Nasdaq Copenhagen,CARL-A.CO,stock,DKK
DK0010181759,CARL B,Carlsberg B,Nasdaq Copenhagen,CARL-B.CO,stock,DKK
SE0017082514,CASE,Case Group,Nasdaq Stockholm,CASE.ST,stock,SEK
SE0000379190,CAST,Castellum,Nasdaq Stockholm,CAST.ST,stock,SEK
SE0000188500,CAT A,Catella A,Nasdaq Stockholm,CAT-A.ST,stock,SEK
SE0000188518,CAT B,Catella B,Nasdaq Stockholm,CAT-B.ST,stock,SEK
SE0001664707,CATE,Catena,Nasdaq Stockholm,CATE.ST,stock,SEK
DK0060030286,CBRAIN,CBRAIN,Nasdaq Copenhagen,CBRAIN.CO,stock,DKK
SE0025010887,CCC,Cavotec Group,Nasdaq Stockholm,CCC.ST,stock,SEK
SE0013914819,CDMIL,CodeMill,Nasdaq Stockholm,CDMIL.ST,stock,SEK
SE0015191911,CDON,CDON,Nasdaq Stockholm,CDON.ST,stock,SEK
SE0015949946,CEDER,Cedergrenska,Nasdaq Stockholm,CEDER.ST,stock,SEK
DK0010271584,CEMAT,Cemat,Nasdaq Copenhagen,CEMAT.CO,stock,DKK
SE0000683484,CEVI,CellaVision,Nasdaq Stockholm,CEVI.ST,stock,SEK
SE0009190192,CFISH,Crunchfish,Nasdaq Stockholm,CFISH.ST,stock,SEK
SE0017083835,CHARGE,ChargePanel,Nasdaq Stockholm,CHARGE.ST,stock,SEK
SE0015810502,CHECK,Checkin.com Group,Nasdaq Stockholm,CHECK.ST,stock,SEK
SE0015556873,CHEF,Cheffelo,Nasdaq Stockholm,CHEF.ST,stock,SEK
DK0060055861,CHEMM,ChemoMetec,Nasdaq Copenhagen,CHEMM.CO,stock,DKK
SE0025940513,CI,Cell Impact,Nasdaq Stockholm,CI.ST,stock,SEK
SE0010832204,CIBUS,Cibus Real Estate,Nasdaq Stockholm,CIBUS.ST,stock,SEK
SE0020388577,CINPHA,Cinclus Pharma Holding,Nasdaq Stockholm,CINPHA.ST,stock,SEK
SE0015193529,CIRCHE,CirChem,Nasdaq Stockholm,CIRCHE.ST,stock,SEK
FI4000176557,CITYVA,Cityvarasto Oyj,Nasdaq Helsinki,CITYVA.HE,stock,EUR
SE0002626861,CLA B,Cloetta B,Nasdaq Stockholm,CLA-B.ST,stock,SEK
SE0000584948,CLAS B,Clas Ohlson B,Nasdaq Stockholm,CLAS-B.ST,stock,SEK
SE0005308558,CLAV,Clavister,Nasdaq Stockholm,CLAV.ST,stock,SEK
SE0006887451,CLBIO,Corline Biomedical,Nasdaq Stockholm,CLBIO.ST,stock,SEK
SE0023468400,CLEM,Clemondo Group,Nasdaq Stockholm,CLEM.ST,stock,SEK
SE0008216303,CLEMO,Clean Motion,Nasdaq Stockholm,CLEMO.ST,stock,SEK
SE0023837182,CLIME B,Climeon B,Nasdaq Stockholm,CLIME-B.ST,stock,SEK
SE0022049920,CLS B,Clinical Laserthermia Syst. B,Nasdaq Stockholm,CLS-B.ST,stock,SEK
SE0000236382,CNCJO B,Concejo B,Nasdaq Stockholm,CNCJO-B.ST,stock,SEK
SE0026599557,COFFEE B,Coffee Stain Group B,Nasdaq Stockholm,COFFEE-B.ST,stock,SEK
SE0016609333,COLLAX,Collaxio B,Nasdaq Stockholm,COLLAX.ST,stock,SEK
DK0060448595,COLO B,Coloplast B,Nasdaq Copenhagen,COLO-B.CO,stock,DKK
DK0010268366,COLUM,Columbus,Nasdaq Copenhagen,COLUM.CO,stock,DKK
SE0022088233,COMPDM,Compodium International,Nasdaq Stockholm,COMPDM.ST,stock,SEK
FI4000178256,CONSTI,Consti Oyj,Nasdaq Helsinki,CONSTI.HE,stock,EUR
SE0007158829,COOR,Coor Service Management Hold.,Nasdaq Stockholm,COOR.ST,stock,SEK
SE0010714279,CORE A,Corem Property Group A,Nasdaq Stockholm,CORE-A.ST,stock,SEK
SE0010714287,CORE B,Corem Property Group B,Nasdaq Stockholm,CORE-B.ST,stock,SEK
SE0015961594,CORE D,Corem Property Group D,Nasdaq Stockholm,CORE-D.ST,stock,SEK
SE0010714311,CORE PREF,Corem Property Group Pref,Nasdaq Stockholm,CORE-PREF.ST,stock,SEK
DK0061930641,CPHCAP PREF32,Copenhagen 40% Pref 2032,Nasdaq Copenhagen,CPHCAP-PREF32.CO,stock,DKK
DK0060093607,CPHCAP ST,Copenhagen Capital Stam,Nasdaq Copenhagen,CPHCAP-ST.CO,stock,DKK
SE0002016352,CRAD B,C-RAD B,Nasdaq Stockholm,CRAD-B.ST,stock,SEK
SE0015661236,CRED A,Creades A,Nasdaq Stockholm,CRED-A.ST,stock,SEK
SE0008241558,CRNO B,Cereno Scientific B,Nasdaq Stockholm,CRNO-B.ST,stock,SEK
SE0016798763,CTEK,CTEK,Nasdaq Stockholm,CTEK.ST,stock,SEK
FI4000476783,CTH1V,Componenta Oyj,Nasdaq Helsinki,CTH1V.HE,stock,EUR
MT0001000109,CTM,Catena Media,Nasdaq Stockholm,CTM.ST,stock,SEK
SE0000418923,CTT,CTT Systems,Nasdaq Stockholm,CTT.ST,stock,SEK
FI4000369947,CTY1S,Citycon Oyj,Nasdaq Helsinki,CTY1S.HE,stock,EUR
SE0012065589,CX,CombinedX,Nasdaq Stockholm,CX.ST,stock,SEK
SE0030587176,CYNCA,Cynca Nordic,Nasdaq Stockholm,CYNCA.ST,stock,SEK
DK0060299063,DAB,Danske Andelskassers Bank,Nasdaq Copenhagen,DAB.CO,stock,DKK
DK0061140407,DADC,Danish Aerospace & Defence Co.,Nasdaq Copenhagen,DADC.CO,stock,DKK
DK0010274414,DANSKE,Danske Bank,Nasdaq Copenhagen,DANSKE.CO,stock,DKK
DK0015205637,DANT,Dantax,Nasdaq Copenhagen,DANT.CO,stock,DKK
DK0061408580,DATA,Dataproces Group,Nasdaq Copenhagen,DATA.CO,stock,DKK
SE0003909282,DEDI,Dedicare B,Nasdaq Stockholm,DEDI.ST,stock,SEK
DK0060738599,DEMANT,Demant,Nasdaq Copenhagen,DEMANT.CO,stock,DKK
FI4000115464,DETEC,Detection Technology Oyj,Nasdaq Helsinki,DETEC.HE,stock,EUR
SE0010546622,DEVP B,DevPort B,Nasdaq Stockholm,DEVP-B.ST,stock,SEK
DK0060655629,DFDS,DFDS,Nasdaq Copenhagen,DFDS.CO,stock,DKK
SE0011178458,DICOT,Dicot Pharma,Nasdaq Stockholm,DICOT.ST,stock,SEK
FI0009007983,DIGIA,Digia Oyj,Nasdaq Helsinki,DIGIA.HE,stock,EUR
FI4000591698,DIGIGR,Digitalist Group Oyj,Nasdaq Helsinki,DIGIGR.HE,stock,EUR
SE0001634262,DIOS,Diös Fastigheter,Nasdaq Stockholm,DIOS.ST,stock,SEK
SE0003883800,DIST,DistIT,Nasdaq Stockholm,DIST.ST,stock,SEK
SE0011311554,DIVIO B,Divio Technologies B,Nasdaq Stockholm,DIVIO-B.ST,stock,SEK
DK0060136273,DJUR,Djurslands Bank,Nasdaq Copenhagen,DJUR.CO,stock,DKK
SE0015658380,DLAB,Dlaboratory Sweden,Nasdaq Stockholm,DLAB.ST,stock,SEK
SE0023112941,DMXSE SDB,District Metals Corp.,Nasdaq Stockholm,DMXSE-SDB.ST,stock,SEK
SE0005162880,DMYD B,Diamyd Medical B,Nasdaq Stockholm,DMYD-B.ST,stock,SEK
DK0060083210,DNORD,D/S Norden,Nasdaq Copenhagen,DNORD.CO,stock,DKK
SE0007691613,DOM,Dometic Group,Nasdaq Stockholm,DOM.ST,stock,SEK
SE0010546911,DONE,Done.ai Group,Nasdaq Stockholm,DONE.ST,stock,SEK
DK0061540770,DONKEY,DonkeyRepublic Holding,Nasdaq Copenhagen,DONKEY.CO,stock,DKK
SE0030285227,DORMY,Dormy Corporation,Nasdaq Stockholm,DORMY.ST,stock,SEK
FI0009008098,DOV1V,Dovre Group Oyj,Nasdaq Helsinki,DOV1V.HE,stock,EUR
SE0005624756,DOXA,Doxa,Nasdaq Stockholm,DOXA.ST,stock,SEK
SE0021181559,DPHA,Disruptive Pharma,Nasdaq Stockholm,DPHA.ST,stock,SEK
SE0001770702,DRIL,Drillcon,Nasdaq Stockholm,DRIL.ST,stock,SEK
SE0015657853,DSNO,Desenio Group,Nasdaq Stockholm,DSNO.ST,stock,SEK
DK0060079531,DSV,DSV,Nasdaq Copenhagen,DSV.CO,stock,DKK
FI4000582143,DUELL,Duell Oyj,Nasdaq Helsinki,DUELL.HE,stock,EUR
SE0000616716,DUNI,Duni,Nasdaq Stockholm,DUNI.ST,stock,SEK
SE0000331266,DURC B,Duroc B,Nasdaq Stockholm,DURC-B.ST,stock,SEK
SE0006625471,DUST,Dustin Group,Nasdaq Stockholm,DUST.ST,stock,SEK
SE0016588867,DVYSR,Devyser Diagnostics,Nasdaq Stockholm,DVYSR.ST,stock,SEK
FI4000513015,DWF,Digital Workforce Services Oyj,Nasdaq Helsinki,DWF.HE,stock,EUR
SE0017105620,DYVOX,Dynavox Group,Nasdaq Stockholm,DYVOX.ST,stock,SEK
FI4000092523,EAGLE,Eagle Filters Group Oyj,Nasdaq Helsinki,EAGLE.HE,stock,EUR
FI4000598156,EASOR,Easor Oyj,Nasdaq Helsinki,EASOR.HE,stock,EUR
SE0022050183,EAST,Eastnine,Nasdaq Stockholm,EAST.ST,stock,SEK
FI4000511563,ECOUP,EcoUp Oyj,Nasdaq Helsinki,ECOUP.HE,stock,EUR
FI4000322326,EEZY,Eezy Oyj,Nasdaq Helsinki,EEZY.HE,stock,EUR
SE0015987565,EFFH,Effnetplattformen Holding,Nasdaq Stockholm,EFFH.ST,stock,SEK
SE0010520106,EG7,Enad Global 7,Nasdaq Stockholm,EG7.ST,stock,SEK
DK0060118453,EGNETY,"EgnsINVEST Ejd., Tyskland",Nasdaq Copenhagen,EGNETY.CO,stock,DKK
SE0003815604,EGTX,Egetis Therapeutics,Nasdaq Stockholm,EGTX.ST,stock,SEK
IS0000020709,EIK,Eik fasteignafélag,Nasdaq Iceland,EIK.IC,stock,ISK
IS0000019800,EIM,Eimskipafélag Íslands,Nasdaq Iceland,EIM.IC,stock,ISK
SE0000163628,EKTA B,Elekta B,Nasdaq Stockholm,EKTA-B.ST,stock,SEK
SE0000119299,ELAN B,Elanders B,Nasdaq Stockholm,ELAN-B.ST,stock,SEK
FI0009900658,ELEAV,Elecster Oyj A,Nasdaq Helsinki,ELEAV.HE,stock,EUR
SE0015382080,ELIC,Elicera Therapeutics,Nasdaq Stockholm,ELIC.ST,stock,SEK
FI0009007884,ELISA,Elisa Oyj,Nasdaq Helsinki,ELISA.HE,stock,EUR
SE0028799429,ELLOS,Ellos Holding,Nasdaq Stockholm,ELLOS.ST,stock,SEK
SE0001572520,ELON,Elon,Nasdaq Stockholm,ELON.ST,stock,SEK
SE0006509949,ELTEL,Eltel,Nasdaq Stockholm,ELTEL.ST,stock,SEK
SE0016589170,ELUX A,Electrolux A,Nasdaq Stockholm,ELUX-A.ST,stock,SEK
SE0016589188,ELUX B,Electrolux B,Nasdaq Stockholm,ELUX-B.ST,stock,SEK
SE0015797873,EMB,EMB Mission Bound,Nasdaq Stockholm,EMB.ST,stock,SEK
SE0013888831,EMBELL,Embellence Group,Nasdaq Stockholm,EMBELL.ST,stock,SEK
IS0000000040,EMBLA,Embla Medical,Nasdaq Copenhagen,EMBLA.CO,stock,DKK
SE0023615885,EMBRAC B,Embracer Group B,Nasdaq Stockholm,EMBRAC-B.ST,stock,SEK
SE0016785786,EMIL B,Fastighetsbolaget Emilshus B,Nasdaq Stockholm,EMIL-B.ST,stock,SEK
SE0016785794,EMIL PREF,Fastighetsbolag. Emilshus Pref,Nasdaq Stockholm,EMIL-PREF.ST,stock,SEK
SE0009697220,ENEA,Enea,Nasdaq Stockholm,ENEA.ST,stock,SEK
FI4000123195,ENENTO,Enento Group Oyj,Nasdaq Helsinki,ENENTO.HE,stock,EUR
FI4000233317,ENERS,Enersize,Nasdaq Stockholm,ENERS.ST,stock,SEK
SE0017769847,ENGCON B,engcon B,Nasdaq Stockholm,ENGCON-B.ST,stock,SEK
SE0025011554,ENITY,Enity Holding,Nasdaq Stockholm,ENITY.ST,stock,SEK
SE0029300995,ENRO,Eniro Group,Nasdaq Stockholm,ENRO.ST,stock,SEK
SE0023134895,ENVAR,Envar Holding,Nasdaq Stockholm,ENVAR.ST,stock,SEK
SE0003943620,ENZY,Enzymatica,Nasdaq Stockholm,ENZY.ST,stock,SEK
SE0007075056,EOLU B,Eolus B,Nasdaq Stockholm,EOLU-B.ST,stock,SEK
SE0000671711,EPEN,Ependion,Nasdaq Stockholm,EPEN.ST,stock,SEK
SE0015658109,EPI A,Epiroc A,Nasdaq Stockholm,EPI-A.ST,stock,SEK
SE0015658117,EPI B,Epiroc B,Nasdaq Stockholm,EPI-B.ST,stock,SEK
SE0003491562,EPIS B,Episurf B,Nasdaq Stockholm,EPIS-B.ST,stock,SEK
SE0013747870,EPRO B,Electrolux Professional B,Nasdaq Stockholm,EPRO-B.ST,stock,SEK
SE0005497732,EQL,EQL Pharma,Nasdaq Stockholm,EQL.ST,stock,SEK
SE0012853455,EQT,EQT,Nasdaq Stockholm,EQT.ST,stock,SEK
FI0009009617,EQV1V,eQ Oyj,Nasdaq Helsinki,EQV1V.HE,stock,EUR
SE0000108649,ERIC A,Ericsson A,Nasdaq Stockholm,ERIC-A.ST,stock,SEK
SE0000108656,ERIC B,Ericsson B,Nasdaq Stockholm,ERIC-B.ST,stock,SEK
SE0008216329,ERMA,Enorama Pharma,Nasdaq Stockholm,ERMA.ST,stock,SEK
DK0060101483,ERRIA,Erria,Nasdaq Copenhagen,ERRIA.CO,stock,DKK
FI4000301585,ESENSE,Enersense International Oyj,Nasdaq Helsinki,ESENSE.HE,stock,EUR
DK0010305077,ESG,Ennogie Solar Group,Nasdaq Copenhagen,ESG.CO,stock,DKK
SE0014428447,ESGR B,ES Group B,Nasdaq Stockholm,ESGR-B.ST,stock,SEK
SE0009922156,ESSITY A,Essity A,Nasdaq Stockholm,ESSITY-A.ST,stock,SEK
SE0009922164,ESSITY B,Essity B,Nasdaq Stockholm,ESSITY-B.ST,stock,SEK
FI0009008650,ETTE,Etteplan Oyj,Nasdaq Helsinki,ETTE.HE,stock,EUR
FI4000513437,EVLI,Evli Oyj,Nasdaq Helsinki,EVLI.HE,stock,EUR
SE0012673267,EVO,Evolution,Nasdaq Stockholm,EVO.ST,stock,SEK
SE0002402701,EWRK,Ework Group,Nasdaq Stockholm,EWRK.ST,stock,SEK
FI4000602172,EXEL,Exel Composites Oyj,Nasdaq Helsinki,EXEL.HE,stock,EUR
SE0023261292,EXPRS2,ExpreS2ion Biotech Holding,Nasdaq Stockholm,EXPRS2.ST,stock,SEK
SE0014035762,EXS,Exsitec Holding,Nasdaq Stockholm,EXS.ST,stock,SEK
SE0011166974,FABG,Fabege,Nasdaq Stockholm,FABG.ST,stock,SEK
SE0010048884,FAG,Fagerhult Group,Nasdaq Stockholm,FAG.ST,stock,SEK
FI4000153309,FARON,Faron Pharmaceuticals Oy,Nasdaq Helsinki,FARON.HE,stock,EUR
SE0015407382,FASTAT,Fastator,Nasdaq Stockholm,FASTAT.ST,stock,SEK
DK0060568145,FASTPC,FastPassCorp,Nasdaq Copenhagen,FASTPC.CO,stock,DKK
DK0060522746,FED,Fast Ejendom Danmark,Nasdaq Copenhagen,FED.CO,stock,DKK
SE0012229920,FERRO,Ferroamp,Nasdaq Stockholm,FERRO.ST,stock,SEK
IS0000020584,FESTI,Festi,Nasdaq Iceland,FESTI.IC,stock,ISK
DK0060056166,FFARMS,FirstFarms,Nasdaq Copenhagen,FFARMS.CO,stock,DKK
SE0015195771,FG,Fasadgruppen Group,Nasdaq Stockholm,FG.ST,stock,SEK
FI4000567029,FIA1S,Finnair Oyj,Nasdaq Helsinki,FIA1S.HE,stock,EUR
SE0000395428,FIRE,Firefly,Nasdaq Stockholm,FIRE.ST,stock,SEK
SE0016075451,FIRST B,First Venture Sweden B,Nasdaq Stockholm,FIRST-B.ST,stock,SEK
SE0016609846,FLAT B,Flat Capital B,Nasdaq Stockholm,FLAT-B.ST,stock,SEK
SE0022447348,FLERIE,Flerie,Nasdaq Stockholm,FLERIE.ST,stock,SEK
GB00BZ1MDB19,FLEXM,Flexion Mobile,Nasdaq Stockholm,FLEXM.ST,stock,SEK
SE0010547075,FLEXQ,FlexQube,Nasdaq Stockholm,FLEXQ.ST,stock,SEK
SE0018042046,FLOWS,Flowscape Technology,Nasdaq Stockholm,FLOWS.ST,stock,SEK
DK0010234467,FLS,FLSmidth & Co.,Nasdaq Copenhagen,FLS.CO,stock,DKK
DK0010218189,FLUG B,Flügger group B,Nasdaq Copenhagen,FLUG-B.CO,stock,DKK
SE0023595459,FLUI,Fluicell,Nasdaq Stockholm,FLUI.ST,stock,SEK
DK0061123312,FLUO,FluoGuide,Nasdaq Stockholm,FLUO.ST,stock,SEK
SE0018040883,FMM B,FM Mattsson B,Nasdaq Stockholm,FMM-B.ST,stock,SEK
SE0005468717,FNM,Ferronordic,Nasdaq Stockholm,FNM.ST,stock,SEK
SE0014608915,FNOVA B,Fortinova Fastigheter ser. B,Nasdaq Stockholm,FNOVA-B.ST,stock,SEK
FI0009009559,FOAMIT,Foamit Oyj,Nasdaq Helsinki,FOAMIT.HE,stock,EUR
FO0000000088,FOBANK,Føroya Banki,Nasdaq Copenhagen,FOBANK.CO,stock,DKK
FI4000400262,FODELIA,Fodelia Oyj,Nasdaq Helsinki,FODELIA.HE,stock,EUR
CH0242214887,FOI B,Fenix Outdoor International B,Nasdaq Stockholm,FOI-B.ST,stock,SEK
DK0061278199,FOM,FOM Technologies,Nasdaq Copenhagen,FOM.CO,stock,DKK
FI4000232913,FONDIA,Fondia Oyj,Nasdaq Helsinki,FONDIA.HE,stock,EUR
FI0009007132,FORTUM,Fortum Oyj,Nasdaq Helsinki,FORTUM.HE,stock,EUR
SE0013512506,FPAR A,Fastpartner A,Nasdaq Stockholm,FPAR-A.ST,stock,SEK
SE0013512514,FPAR D,Fastpartner D,Nasdaq Stockholm,FPAR-D.ST,stock,SEK
SE0015504477,FRACTL,Fractal Gaming Group,Nasdaq Stockholm,FRACTL.ST,stock,SEK
SE0023287347,FRAG,Fragbite Group,Nasdaq Stockholm,FRAG.ST,stock,SEK
SE0010296269,FRAM B,Fram Skandinavien B,Nasdaq Stockholm,FRAM-B.ST,stock,SEK
FI4000595756,FRAMERY,Framery Group,Nasdaq Helsinki,FRAMERY.HE,stock,EUR
SE0011167170,FREEM,Freemelt Holding,Nasdaq Stockholm,FREEM.ST,stock,SEK
SE0015950308,FREJA,Freja eID Group,Nasdaq Stockholm,FREJA.ST,stock,SEK
FI4000519236,FSECURE,F-Secure Oyj,Nasdaq Helsinki,FSECURE.HE,stock,EUR
FI0009000400,FSKRS,Fiskars Oyj Abp,Nasdaq Helsinki,FSKRS.HE,stock,EUR
SE0016288641,FSPORT,FSport,Nasdaq Stockholm,FSPORT.ST,stock,SEK
DK0060520377,FYNBK,Fynske Bank,Nasdaq Copenhagen,FYNBK.CO,stock,DKK
US36467X2062,G2M,Gentoo Media,Nasdaq Stockholm,G2M.ST,stock,SEK
SE0001824004,G5EN,G5 Entertainment,Nasdaq Stockholm,G5EN.ST,stock,SEK
SE0010869552,GABA,Gabather,Nasdaq Stockholm,GABA.ST,stock,SEK
DK0060124691,GABR,Gabriel Holding,Nasdaq Copenhagen,GABR.CO,stock,DKK
SE0009155518,GAPW B,Gapwaves B,Nasdaq Stockholm,GAPW-B.ST,stock,SEK
SE0015812417,GARO,Garo,Nasdaq Stockholm,GARO.ST,stock,SEK
SE0021627353,GBK,Goodbye Kansas Group,Nasdaq Stockholm,GBK.ST,stock,SEK
SE0014694691,GCOR,Gaming Corps,Nasdaq Stockholm,GCOR.ST,stock,SEK
SE0001790791,GENI,Generic Sweden,Nasdaq Stockholm,GENI.ST,stock,SEK
SE0002485979,GENO,Genovis,Nasdaq Stockholm,GENO.ST,stock,SEK
DK0060093524,GERHSP,German High Street Properties,Nasdaq Copenhagen,GERHSP.CO,stock,DKK
SE0000202624,GETI B,Getinge B,Nasdaq Stockholm,GETI-B.ST,stock,SEK
SE0005562014,GGEO,Guideline Geo,Nasdaq Stockholm,GGEO.ST,stock,SEK
SE0022760229,GIG SDB,GiG Software,Nasdaq Stockholm,GIG-SDB.ST,stock,SEK
SE0016101521,GIGA,Gigasun,Nasdaq Stockholm,GIGA.ST,stock,SEK
DK0010249309,GJ,Glunz & Jensen Holding,Nasdaq Copenhagen,GJ.CO,stock,DKK
FI4000587340,GLA1V,Glaston Oyj Abp,Nasdaq Helsinki,GLA1V.HE,stock,EUR
DK0010272202,GMAB,Genmab,Nasdaq Copenhagen,GMAB.CO,stock,DKK
DK0010272632,GN,GN Store Nord,Nasdaq Copenhagen,GN.CO,stock,DKK
FI4000283130,GOFORE,Gofore Oyj,Nasdaq Helsinki,GOFORE.HE,stock,EUR
SE0008348304,GOMX,GomSpace Group,Nasdaq Stockholm,GOMX.ST,stock,SEK
SE0029278191,GOTL A,Gotlandsbolaget A,Nasdaq Stockholm,GOTL-A.ST,stock,SEK
SE0029278209,GOTL B,Gotlandsbolaget B,Nasdaq Stockholm,GOTL-B.ST,stock,SEK
SE0007184189,GPG,Genova Property Group,Nasdaq Stockholm,GPG.ST,stock,SEK
SE0008991624,GPX,Gasporox,Nasdaq Stockholm,GPX.ST,stock,SEK
SE0018014243,GRANGX,GRANGEX,Nasdaq Stockholm,GRANGX.ST,stock,SEK
SE0005881554,GREAT,Greater Than,Nasdaq Stockholm,GREAT.ST,stock,SEK
SE0010985028,GREEN,Green Landscaping Group,Nasdaq Stockholm,GREEN.ST,stock,SEK
DK0060817898,GREENM,GreenMobility,Nasdaq Copenhagen,GREENM.CO,stock,DKK
FI4000517966,GRK,GRK Infra Oyj,Nasdaq Helsinki,GRK.HE,stock,EUR
DK0010230630,GRLA,Grønlandsbanken,Nasdaq Copenhagen,GRLA.CO,stock,DKK
SE0006288015,GRNG,Gränges,Nasdaq Stockholm,GRNG.ST,stock,SEK
SE0027099318,GSKR SDB,Goldsky Resources,Nasdaq Stockholm,GSKR-SDB.ST,stock,SEK
DK0062266474,GUBRA,Gubra,Nasdaq Copenhagen,GUBRA.CO,stock,DKK
SE0025667033,GULD,Guldbrev Holding,Nasdaq Stockholm,GULD.ST,stock,SEK
DK0010247527,GYLD A,Gyldendal A,Nasdaq Copenhagen,GYLD-A.CO,stock,DKK
DK0010247600,GYLD B,Gyldendal B,Nasdaq Copenhagen,GYLD-B.CO,stock,DKK
SE0025138357,HACK,Hacksaw,Nasdaq Stockholm,HACK.ST,stock,SEK
IS0000020121,HAGA,Hagar,Nasdaq Iceland,HAGA.IC,stock,ISK
SE0000122657,HAKI A,HAKI Safety A,Nasdaq Stockholm,HAKI-A.ST,stock,SEK
SE0000122673,HAKI B,HAKI Safety B,Nasdaq Stockholm,HAKI-B.ST,stock,SEK
IS0000000305,HAMP,Hampiðjan,Nasdaq Iceland,HAMP.IC,stock,ISK
SE0005878543,HANZA,HANZA,Nasdaq Stockholm,HANZA.ST,stock,SEK
DK0060014751,HARB B,Harboes Bryggeri B,Nasdaq Copenhagen,HARB-B.CO,stock,DKK
FI4000306873,HARVIA,Harvia Oyj,Nasdaq Helsinki,HARVIA.HE,stock,EUR
SE0000312043,HAV B,Havsfrun Investment B,Nasdaq Stockholm,HAV-B.ST,stock,SEK
SE0016829469,HAYPP,Haypp Group,Nasdaq Stockholm,HAYPP.ST,stock,SEK
FI4000490875,HEALTH,Nightingale Health Oyj B,Nasdaq Helsinki,HEALTH.HE,stock,EUR
SE0023286836,HEART,Scandinavian Real Heart,Nasdaq Stockholm,HEART.ST,stock,SEK
SE0017911480,HEBA B,HEBA B,Nasdaq Stockholm,HEBA-B.ST,stock,SEK
SE0007815113,HEGR,Hedera Group,Nasdaq Stockholm,HEGR.ST,stock,SEK
SE0015949037,HEIM PREF,Heimstaden Pref,Nasdaq Stockholm,HEIM-PREF.ST,stock,SEK
IS0000021301,HEIMAR,Heimar,Nasdaq Iceland,HEIMAR.IC,stock,ISK
SE0015671995,HEM,Hemnet Group,Nasdaq Stockholm,HEM.ST,stock,SEK
SE0017767494,HERNO B,Hernö Gin B,Nasdaq Stockholm,HERNO-B.ST,stock,SEK
SE0015961909,HEXA B,Hexagon B,Nasdaq Stockholm,HEXA-B.ST,stock,SEK
SE0004898799,HEXI,Hexicon,Nasdaq Stockholm,HEXI.ST,stock,SEK
DK0015202451,HH,H+H International,Nasdaq Copenhagen,HH.CO,stock,DKK
FI4000571013,HIAB,Hiab Oyj,Nasdaq Helsinki,HIAB.HE,stock,EUR
SE0003848613,HIGHCO B,High Coast Distillery B,Nasdaq Stockholm,HIGHCO-B.ST,stock,SEK
SE0016278154,HILB B,Hilbert Group ser. B,Nasdaq Stockholm,HILB-B.ST,stock,SEK
FI0009006308,HKFOODS,HKFoods Oyj A,Nasdaq Helsinki,HKFOODS.HE,stock,EUR
DK0061804697,HLUN A,H. Lundbeck A,Nasdaq Copenhagen,HLUN-A.CO,stock,DKK
DK0061804770,HLUN B,H. Lundbeck B,Nasdaq Copenhagen,HLUN-B.CO,stock,DKK
SE0000106270,HM B,Hennes & Mauritz B,Nasdaq Stockholm,HM-B.ST,stock,SEK
SE0009997018,HMS,HMS Networks,Nasdaq Stockholm,HMS.ST,stock,SEK
SE0002148817,HNSA,Hansa Biopharma,Nasdaq Stockholm,HNSA.ST,stock,SEK
SE0006887063,HOFI,Hoist Finance,Nasdaq Stockholm,HOFI.ST,stock,SEK
SE0011090000,HOLM A,Holmen A,Nasdaq Stockholm,HOLM-A.ST,stock,SEK
SE0011090018,HOLM B,Holmen B,Nasdaq Stockholm,HOLM-B.ST,stock,SEK
FI0009900104,HONBS,Honkarakenne Oyj B,Nasdaq Helsinki,HONBS.HE,stock,EUR
DK0061675279,HOVE,Hove,Nasdaq Copenhagen,HOVE.CO,stock,DKK
SE0007074281,HPOL B,HEXPOL B,Nasdaq Stockholm,HPOL-B.ST,stock,SEK
FI4000087861,HRTIS,Herantis Pharma Oyj,Nasdaq Helsinki,HRTIS.HE,stock,EUR
SE0018040677,HTRO,Hexatronic Group,Nasdaq Stockholm,HTRO.ST,stock,SEK
SE0000170375,HUFV A,Hufvudstaden A,Nasdaq Stockholm,HUFV-A.ST,stock,SEK
FI0009000459,HUH1V,Huhtamäki Oyj,Nasdaq Helsinki,HUH1V.HE,stock,EUR
SE0008040653,HUM,Humana,Nasdaq Stockholm,HUM.ST,stock,SEK
SE0006261046,HUMBLE,Humble Group,Nasdaq Stockholm,HUMBLE.ST,stock,SEK
DK0061412855,HUSCO,HusCompagniet,Nasdaq Copenhagen,HUSCO.CO,stock,DKK
SE0001662222,HUSQ A,Husqvarna A,Nasdaq Stockholm,HUSQ-A.ST,stock,SEK
SE0001662230,HUSQ B,Husqvarna B,Nasdaq Stockholm,HUSQ-B.ST,stock,SEK
DK0060135978,HVID,Hvidbjerg Bank,Nasdaq Copenhagen,HVID.CO,stock,DKK
SE0008015259,IBT B,Infant Bacterial TherapeuticsB,Nasdaq Stockholm,IBT-B.ST,stock,SEK
IS0000013464,ICEAIR,Icelandair Group,Nasdaq Iceland,ICEAIR.IC,stock,ISK
IS0000026961,ICESEA,Iceland Seafood International,Nasdaq Iceland,ICESEA.IC,stock,ISK
SE0010868943,ICO,Iconovo,Nasdaq Stockholm,ICO.ST,stock,SEK
FI0009006407,ICP1V,Incap Oyj,Nasdaq Helsinki,ICP1V.HE,stock,EUR
SE0003883990,IDLDX,IDL Diagnostics,Nasdaq Stockholm,IDLDX.ST,stock,SEK
SE0013512464,IDUN B,Idun Industrier B,Nasdaq Stockholm,IDUN-B.ST,stock,SEK
DK0064982565,IG,InstallatørGruppen,Nasdaq Copenhagen,IG.CO,stock,DKK
FI0009800205,ILKKA,Ilkka Oyj,Nasdaq Helsinki,ILKKA.HE,stock,EUR
SE0006091997,IMMNOV,Immunovia,Nasdaq Stockholm,IMMNOV.ST,stock,SEK
SE0022239950,IMMU,Mendus,Nasdaq Stockholm,IMMU.ST,stock,SEK
SE0014855029,IMP A SDB,Implantica SDB,Nasdaq Stockholm,IMP-A-SDB.ST,stock,SEK
SE0001279142,IMPC,Impact Coatings,Nasdaq Stockholm,IMPC.ST,stock,SEK
DK0061536828,IMPERO,Impero,Nasdaq Copenhagen,IMPERO.CO,stock,DKK
SE0009832595,INCOAX,InCoax Networks,Nasdaq Stockholm,INCOAX.ST,stock,SEK
FI4000348651,INDERES,Inderes Oyj,Nasdaq Helsinki,INDERES.HE,stock,EUR
SE0001515552,INDT,Indutrade,Nasdaq Stockholm,INDT.ST,stock,SEK
SE0000190126,INDU A,Industrivärden A,Nasdaq Stockholm,INDU-A.ST,stock,SEK
SE0000107203,INDU C,Industrivärden C,Nasdaq Stockholm,INDU-C.ST,stock,SEK
SE0010600106,INFREA,Infrea,Nasdaq Stockholm,INFREA.ST,stock,SEK
SE0016275069,INISS B,Inission B,Nasdaq Stockholm,INISS-B.ST,stock,SEK
DK0060775872,INIT,Initiator Pharma,Nasdaq Stockholm,INIT.ST,stock,SEK
SE0010415281,INQ,INQ Group,Nasdaq Stockholm,INQ.ST,stock,SEK
SE0017483506,INSTAL,Instalco,Nasdaq Stockholm,INSTAL.ST,stock,SEK
SE0017072259,INTEA B,Intea Fastigheter B,Nasdaq Stockholm,INTEA-B.ST,stock,SEK
SE0017072267,INTEA D,Intea Fastigheter D,Nasdaq Stockholm,INTEA-D.ST,stock,SEK
SE0009807266,INTEG B,Integrum B,Nasdaq Stockholm,INTEG-B.ST,stock,SEK
SE0000936478,INTRUM,Intrum,Nasdaq Stockholm,INTRUM.ST,stock,SEK
SE0015811955,INVE A,Investor A,Nasdaq Stockholm,INVE-A.ST,stock,SEK
SE0015811963,INVE B,Investor B,Nasdaq Stockholm,INVE-B.ST,stock,SEK
FI0009900559,INVEST,Investors House Oyj,Nasdaq Helsinki,INVEST.HE,stock,EUR
SE0006220018,INWI,Inwido,Nasdaq Stockholm,INWI.ST,stock,SEK
CA46016U1084,IPCO,International Petroleum Corp.,Nasdaq Stockholm,IPCO.ST,stock,SEK
FI4000602354,IQMX,IQM Quantum Computers Oyj,Nasdaq Helsinki,IQMX.HE,stock,EUR
SE0005365681,IRIS,Irisity,Nasdaq Stockholm,IRIS.ST,stock,SEK
SE0012675361,IRLAB A,IRLAB Therapeutics A,Nasdaq Stockholm,IRLAB-A.ST,stock,SEK
SE0006421871,IS,Image Systems,Nasdaq Stockholm,IS.ST,stock,SEK
IS0000028538,ISB,Íslandsbanki,Nasdaq Iceland,ISB.IC,stock,ISK
IS0000030112,ISF,Ísfélag,Nasdaq Iceland,ISF.IC,stock,ISK
NO0010724701,ISLAX,Icelandic Salmon,Nasdaq Iceland,ISLAX.IC,stock,ISK
SE0009581051,ISOFOL,Isofol Medical,Nasdaq Stockholm,ISOFOL.ST,stock,SEK
DK0060542181,ISS,ISS,Nasdaq Copenhagen,ISS.CO,stock,DKK
SE0015962097,ITAB,ITAB Group,Nasdaq Stockholm,ITAB.ST,stock,SEK
SE0011167725,ITECH,I-Tech,Nasdaq Stockholm,ITECH.ST,stock,SEK
SE0009607252,IVACC,Intervacc,Nasdaq Stockholm,IVACC.ST,stock,SEK
SE0001200015,IVSO,INVISIO,Nasdaq Stockholm,IVSO.ST,stock,SEK
SE0003656834,IZAFE B,iZafe Group B,Nasdaq Stockholm,IZAFE-B.ST,stock,SEK
US4778391049,JBTM,JBT Marel Corp.,Nasdaq Iceland,JBTM.IC,stock,ISK
DK0061282464,JDAN,Jeudan,Nasdaq Copenhagen,JDAN.CO,stock,DKK
SE0000725624,JLT,JLT Mobile Computers,Nasdaq Stockholm,JLT.ST,stock,SEK
SE0000806994,JM,JM,Nasdaq Stockholm,JM.ST,stock,SEK
SE0012481364,JOMA,John Mattson Fastighetsföret.,Nasdaq Stockholm,JOMA.ST,stock,SEK
DK0010307958,JYSK,Jyske Bank,Nasdaq Copenhagen,JYSK.CO,stock,DKK
SE0010520254,K2A B,K2A Knaust & Andersson B,Nasdaq Stockholm,K2A-B.ST,stock,SEK
SE0006852075,K2A PREF,K2A Knaust & Andersson Pref,Nasdaq Stockholm,K2A-PREF.ST,stock,SEK
SE0007614722,K33,K33,Nasdaq Stockholm,K33.ST,stock,SEK
SE0000107724,KABE B,KABE Group B,Nasdaq Stockholm,KABE-B.ST,stock,SEK
SE0009921075,KAKEL,Kakel Max,Nasdaq Stockholm,KAKEL.ST,stock,SEK
IS0000035632,KALD,Kaldalón,Nasdaq Iceland,KALD.IC,stock,ISK
FI4000571054,KALMAR,Kalmar Oyj B,Nasdaq Helsinki,KALMAR.HE,stock,EUR
MT0000780107,KAMBI,Kambi Group Plc,Nasdaq Stockholm,KAMBI.ST,stock,SEK
FI4000206750,KAMUX,Kamux Oyj,Nasdaq Helsinki,KAMUX.HE,stock,EUR
SE0005704079,KAPIAB,Kallebäck Property Invest,Nasdaq Stockholm,KAPIAB.ST,stock,SEK
SE0012323715,KAR,Karnov Group,Nasdaq Stockholm,KAR.ST,stock,SEK
SE0017832173,KARNEL B,Karnell Group B,Nasdaq Stockholm,KARNEL-B.ST,stock,SEK
SE0022725743,KBC,KB Components,Nasdaq Stockholm,KBC.ST,stock,SEK
DK0010201102,KBHL,Københavns Lufthavne,Nasdaq Copenhagen,KBHL.CO,stock,DKK
FI0009005870,KCR,Konecranes Oyj,Nasdaq Helsinki,KCR.HE,stock,EUR
SE0002190926,KDV B,KDventures B,Nasdaq Stockholm,KDV-B.ST,stock,SEK
SE0012904803,KEBNI B,KebNi B,Nasdaq Stockholm,KEBNI-B.ST,stock,SEK
FI0009900237,KELAS,Kesla Oyj A,Nasdaq Helsinki,KELAS.HE,stock,EUR
FI0009004824,KEMIRA,Kemira Oyj,Nasdaq Helsinki,KEMIRA.HE,stock,EUR
FI4000513593,KEMPOWR,Kempower Oyj,Nasdaq Helsinki,KEMPOWR.HE,stock,EUR
SE0005100757,KENH,Kentima Holding,Nasdaq Stockholm,KENH.ST,stock,SEK
SE0008374383,KEOC,Keo Capital,Nasdaq Stockholm,KEOC.ST,stock,SEK
FI0009007900,KESKOA,Kesko Oyj A,Nasdaq Helsinki,KESKOA.HE,stock,EUR
FI0009000202,KESKOB,Kesko Oyj B,Nasdaq Helsinki,KESKOB.HE,stock,EUR
SE0016101679,KFAST B,K-Fast Holding B,Nasdaq Stockholm,KFAST-B.ST,stock,SEK
FI0009008924,KHG,KH Group Oyj,Nasdaq Helsinki,KHG.HE,stock,EUR
SE0022060513,KINV A,Kinnevik A,Nasdaq Stockholm,KINV-A.ST,stock,SEK
SE0022060521,KINV B,Kinnevik B,Nasdaq Stockholm,KINV-B.ST,stock,SEK
SE0028354936,KJELL,Kjell Group,Nasdaq Stockholm,KJELL.ST,stock,SEK
IS0000029171,KLAPP,Klappir Grænar Lausnir,Nasdaq Iceland,KLAPP.IC,stock,ISK
SE0007280326,KLAR,Klaria Pharma Holding,Nasdaq Stockholm,KLAR.ST,stock,SEK
NO0010884794,KLDVK,Kaldvik,Nasdaq Iceland,KLDVK.IC,stock,ISK
DK0010129089,KLEE B,Brd. Klee B,Nasdaq Copenhagen,KLEE-B.CO,stock,DKK
SE0014401329,KLIMAT,Klimator,Nasdaq Stockholm,KLIMAT.ST,stock,SEK
FI0009013403,KNEBV,KONE Oyj,Nasdaq Helsinki,KNEBV.HE,stock,EUR
SE0000421273,KNOW,Knowit,Nasdaq Stockholm,KNOW.ST,stock,SEK
DK0061113511,KONSOL,Konsolidator,Nasdaq Copenhagen,KONSOL.CO,stock,DKK
FI4000533005,KOSKI,Koskisen Oyj,Nasdaq Helsinki,KOSKI.HE,stock,EUR
FI0009014708,KPYOSK,KPY osk,Nasdaq Helsinki,KPYOSK.HE,stock,EUR
DK0010253764,KRE,Kreditbanken,Nasdaq Copenhagen,KRE.CO,stock,DKK
FI4000476866,KREATE,Kreate Group Oyj,Nasdaq Helsinki,KREATE.HE,stock,EUR
FI0009007546,KSL,Keskisuomalainen Oyj,Nasdaq Helsinki,KSL.HE,stock,EUR
IS0000020469,KVIKA,Kvika banki,Nasdaq Iceland,KVIKA.IC,stock,ISK
SE0014990966,LAGR B,Lagercrantz Group B,Nasdaq Stockholm,LAGR-B.ST,stock,SEK
SE0000386138,LAMM B,Lammhults Design Group B,Nasdaq Stockholm,LAMM-B.ST,stock,SEK
FI4000512488,LAMOR,Lamor Corporation Oyj,Nasdaq Helsinki,LAMOR.HE,stock,EUR
FI4000511597,LAPWALL,LapWall Oyj,Nasdaq Helsinki,LAPWALL.HE,stock,EUR
SE0016101935,LARK,Lärkberget,Nasdaq Stockholm,LARK.ST,stock,SEK
DK0010201532,LASP,Lån og Spar Bank,Nasdaq Copenhagen,LASP.CO,stock,DKK
FI4000592472,LASTIK,Lassila & Tikanoja,Nasdaq Helsinki,LASTIK.HE,stock,EUR
SE0010100958,LATO B,Latour B,Nasdaq Stockholm,LATO-B.ST,stock,SEK
SE0014829271,LCLEAN,Lifeclean International,Nasdaq Stockholm,LCLEAN.ST,stock,SEK
SE0023261300,LEA,Lea Bank,Nasdaq Stockholm,LEA.ST,stock,SEK
FI4000364120,LEADD,LeadDesk Oyj,Nasdaq Helsinki,LEADD.HE,stock,EUR
FI4000081138,LEHTO,Lehto Group Oyj,Nasdaq Helsinki,LEHTO.HE,stock,EUR
FI4000512678,LEMON,Lemonsoft Oyj,Nasdaq Helsinki,LEMON.HE,stock,EUR
CA52171T1003,LEMSE,Leading Edge Materials Corp.,Nasdaq Stockholm,LEMSE.ST,stock,SEK
SE0012313302,LEVEL,Nordic LEVEL Group,Nasdaq Stockholm,LEVEL.ST,stock,SEK
SE0001852419,LIAB,Lindab International,Nasdaq Stockholm,LIAB.ST,stock,SEK
SE0015949201,LIFCO B,Lifco B,Nasdaq Stockholm,LIFCO-B.ST,stock,SEK
SE0011870195,LIME,Lime Technologies,Nasdaq Stockholm,LIME.ST,stock,SEK
SE0015949433,LINC,Linc,Nasdaq Stockholm,LINC.ST,stock,SEK
FI0009000251,LINDEX,Lindex Group Oyj,Nasdaq Helsinki,LINDEX.HE,stock,EUR
SE0007387246,LITI,Litium,Nasdaq Stockholm,LITI.ST,stock,SEK
SE0030361606,LMGAB,Linjemontage i Grästorp,Nasdaq Stockholm,LMGAB.ST,stock,SEK
SE0017131337,LOGI B,Logistea B,Nasdaq Stockholm,LOGI-B.ST,stock,SEK
FI4000014238,LOIHDE,Loihde Oyj,Nasdaq Helsinki,LOIHDE.HE,stock,EUR
DK0060000107,LOLB,Lollands Bank,Nasdaq Copenhagen,LOLB.CO,stock,DKK
SE0014504817,LOOMIS,Loomis,Nasdaq Stockholm,LOOMIS.ST,stock,SEK
DK0061535507,LOYAL,Loyal Solutions,Nasdaq Stockholm,LOYAL.ST,stock,SEK
CA54928Q1081,LUC,Lucara Diamond Corp,Nasdaq Stockholm,LUC.ST,stock,SEK
CA5503711080,LUG,Lundin Gold,Nasdaq Stockholm,LUG.ST,stock,SEK
SE0019072158,LUMEN,LumenRadio,Nasdaq Stockholm,LUMEN.ST,stock,SEK
CA5503721063,LUMI,Lundin Mining Corporation,Nasdaq Stockholm,LUMI.ST,stock,SEK
FI4000312251,LUMO,Lumo Kodit Oyj,Nasdaq Helsinki,LUMO.HE,stock,EUR
SE0000108847,LUND B,Lundbergföretagen B,Nasdaq Stockholm,LUND-B.ST,stock,SEK
FI4000592464,LUOTEA,Luotea Plc,Nasdaq Helsinki,LUOTEA.HE,stock,EUR
DK0010213628,LUXOR B,Luxor B,Nasdaq Copenhagen,LUXOR-B.CO,stock,DKK
SE0015192075,LXB,Luxbright,Nasdaq Stockholm,LXB.ST,stock,SEK
SE0017160575,LYGRD,Lyckegård Group,Nasdaq Stockholm,LYGRD.ST,stock,SEK
SE0010468918,LYKO A,Lyko Group A,Nasdaq Stockholm,LYKO-A.ST,stock,SEK
DK0010244425,MAERSK A,A.P. Møller - Mærsk A,Nasdaq Copenhagen,MAERSK-A.CO,stock,DKK
DK0010244508,MAERSK B,A.P. Møller - Mærsk B,Nasdaq Copenhagen,MAERSK-B.CO,stock,DKK
SE0010520908,MAGI,MAG Interactive,Nasdaq Stockholm,MAGI.ST,stock,SEK
SE0014401014,MAGLE,Magle Chemoswed Holding,Nasdaq Stockholm,MAGLE.ST,stock,SEK
SE0001449380,MANG,Mangold,Nasdaq Stockholm,MANG.ST,stock,SEK
FI4000552526,MANTA,Mandatum,Nasdaq Helsinki,MANTA.HE,stock,EUR
SE0023467451,MANTEX,Mantex,Nasdaq Stockholm,MANTEX.ST,stock,SEK
FI0009900385,MARAS,Martela Oyj A,Nasdaq Helsinki,MARAS.HE,stock,EUR
DK0060497295,MATAS,Matas,Nasdaq Copenhagen,MATAS.CO,stock,DKK
SE0015961180,MAVEN,Maven Wireless Sweden,Nasdaq Stockholm,MAVEN.ST,stock,SEK
SE0011725506,MAXENT B,Maximum Entertainment B,Nasdaq Stockholm,MAXENT-B.ST,stock,SEK
SE0009160872,MCAP,MedCap,Nasdaq Stockholm,MCAP.ST,stock,SEK
SE0009778848,MCOV B,Medicover B,Nasdaq Stockholm,MCOV-B.ST,stock,SEK
DK0061286101,MDUNDO,Mdundo.com,Nasdaq Copenhagen,MDUNDO.CO,stock,DKK
SE0000507659,MEAB B,Malmbergs Elektriska B,Nasdaq Stockholm,MEAB-B.ST,stock,SEK
SE0018014110,MEDS,Meds Apotek,Nasdaq Stockholm,MEDS.ST,stock,SEK
FI0009007660,MEKKO,Marimekko Oyj,Nasdaq Helsinki,MEKKO.HE,stock,EUR
SE0002110064,MEKO,MEKO,Nasdaq Stockholm,MEKO.ST,stock,SEK
CA5889141019,MER,Meren Energy,Nasdaq Stockholm,MER.ST,stock,SEK
FI4000506902,MERUS,Merus Power Oyj,Nasdaq Helsinki,MERUS.HE,stock,EUR
SE0003086214,META,Metacon,Nasdaq Stockholm,META.ST,stock,SEK
FI0009000640,METSA,Metsä Board Oyj A,Nasdaq Helsinki,METSA.HE,stock,EUR
FI0009000665,METSB,Metsä Board Oyj B,Nasdaq Helsinki,METSB.HE,stock,EUR
FI0009014575,METSO,Metso Oyj,Nasdaq Helsinki,METSO.HE,stock,EUR
SE0011281757,MIDS,Midsummer,Nasdaq Stockholm,MIDS.ST,stock,SEK
SE0016074249,MILDEF,Mildef Group,Nasdaq Stockholm,MILDEF.ST,stock,SEK
SE0007578141,MINEST,Minesto,Nasdaq Stockholm,MINEST.ST,stock,SEK
SE0009216278,MIPS,Mips,Nasdaq Stockholm,MIPS.ST,stock,SEK
SE0017562523,MMGR B,Momentum Group B,Nasdaq Stockholm,MMGR-B.ST,stock,SEK
DK0060133841,MNBA,Møns Bank,Nasdaq Copenhagen,MNBA.CO,stock,DKK
SE0012673291,MNTC,Mentice,Nasdaq Stockholm,MNTC.ST,stock,SEK
SE0020353928,MOB,Moberg Pharma,Nasdaq Stockholm,MOB.ST,stock,SEK
SE0016277909,MOBA,M.O.B.A. Network,Nasdaq Stockholm,MOBA.ST,stock,SEK
SE0023112438,MODEL,Modelon,Nasdaq Stockholm,MODEL.ST,stock,SEK
SE0015987904,MODTX,Modus Therapeutics Holding,Nasdaq Stockholm,MODTX.ST,stock,SEK
FI4000511506,MODU,Modulight Oyj,Nasdaq Helsinki,MODU.HE,stock,EUR
SE0020388932,MOMENT,Moment Group,Nasdaq Stockholm,MOMENT.ST,stock,SEK
DK0061277977,MONSO,Monsenso,Nasdaq Copenhagen,MONSO.CO,stock,DKK
SE0026852725,MORROW,Morrow Bank,Nasdaq Stockholm,MORROW.ST,stock,SEK
DK0061555539,MOVINN,Movinn,Nasdaq Copenhagen,MOVINN.CO,stock,DKK
SE0000526626,MSAB B,Micro Systemation B,Nasdaq Stockholm,MSAB-B.ST,stock,SEK
SE0000565210,MSON A,Midsona A,Nasdaq Stockholm,MSON-A.ST,stock,SEK
SE0000565228,MSON B,Midsona B,Nasdaq Stockholm,MSON-B.ST,stock,SEK
SE0018012486,MTG A,Modern Times Group A,Nasdaq Stockholm,MTG-A.ST,stock,SEK
SE0018012494,MTG B,Modern Times Group B,Nasdaq Stockholm,MTG-B.ST,stock,SEK
DK0010255975,MTHH,MT Højgaard Holding,Nasdaq Copenhagen,MTHH.CO,stock,DKK
SE0017105539,MTI,MTI Investment,Nasdaq Stockholm,MTI.ST,stock,SEK
SE0009806607,MTRS,Munters Group,Nasdaq Stockholm,MTRS.ST,stock,SEK
FI4000410758,MUSTI,Musti Group Oyj,Nasdaq Helsinki,MUSTI.HE,stock,EUR
SE0020181014,MVIR,Medivir,Nasdaq Stockholm,MVIR.ST,stock,SEK
SE0025158629,MYCR,Mycronic,Nasdaq Stockholm,MYCR.ST,stock,SEK
SE0017133705,NANECH,NanoEcho,Nasdaq Stockholm,NANECH.ST,stock,SEK
SE0007074166,NANEXA,Nanexa,Nasdaq Stockholm,NANEXA.ST,stock,SEK
SE0004020931,NANOC B,NanoCap Group B,Nasdaq Stockholm,NANOC-B.ST,stock,SEK
FI4000330972,NANOFH,Nanoform Finland Oyj,Nasdaq Helsinki,NANOFH.HE,stock,EUR
FI4000330972,NANOFS,Nanoform Finland Oyj,Nasdaq Stockholm,NANOFS.ST,stock,SEK
SE0007100540,NAVIGO PREF,Navigo Invest Pref,Nasdaq Stockholm,NAVIGO-PREF.ST,stock,SEK
SE0007100532,NAVIGO STAM,Navigo Invest,Nasdaq Stockholm,NAVIGO-STAM.ST,stock,SEK
SE0001965369,NAXS,NAXS,Nasdaq Stockholm,NAXS.ST,stock,SEK
SE0017160773,NCAB,NCAB Group,Nasdaq Stockholm,NCAB.ST,stock,SEK
SE0000118952,NCC A,NCC A,Nasdaq Stockholm,NCC-A.ST,stock,SEK
SE0000117970,NCC B,NCC B,Nasdaq Stockholm,NCC-B.ST,stock,SEK
FI4000297767,NDA DK,Nordea Bank Abp,Nasdaq Copenhagen,NDA-DK.CO,stock,DKK
FI4000297767,NDA FI,Nordea Bank Abp,Nasdaq Helsinki,NDA-FI.HE,stock,EUR
FI4000297767,NDA SE,Nordea Bank Abp,Nasdaq Stockholm,NDA-SE.ST,stock,SEK
SE0009242654,NEEMS B,Neem's Hill B,Nasdaq Stockholm,NEEMS-B.ST,stock,SEK
SE0015245535,NELLY,Nelly Group,Nasdaq Stockholm,NELLY.ST,stock,SEK
SE0016830038,NEO B,Neovici Holding B,Nasdaq Stockholm,NEO-B.ST,stock,SEK
SE0005034550,NEOBO,Neobo Fastigheter,Nasdaq Stockholm,NEOBO.ST,stock,SEK
SE0014829255,NEOLA,Neola Medical,Nasdaq Stockholm,NEOLA.ST,stock,SEK
SE0008066302,NEPA,Nepa,Nasdaq Stockholm,NEPA.ST,stock,SEK
FI0009013296,NESTE,Neste Oyj,Nasdaq Helsinki,NESTE.HE,stock,EUR
DK0060952919,NETC,Netcompany Group,Nasdaq Copenhagen,NETC.CO,stock,DKK
SE0016798417,NETEL,Netel Holding,Nasdaq Stockholm,NETEL.ST,stock,SEK
SE0000366098,NETI B,Net Insight B,Nasdaq Stockholm,NETI-B.ST,stock,SEK
FI4000390943,NETUM,Netum Group Oyj,Nasdaq Helsinki,NETUM.HE,stock,EUR
SE0020356970,NEWA B,New Wave B,Nasdaq Stockholm,NEWA-B.ST,stock,SEK
SE0015244884,NEWBRY,Newbury Pharmaceuticals,Nasdaq Stockholm,NEWBRY.ST,stock,SEK
DK0064983373,NEWCAP,NewCap Holding,Nasdaq Copenhagen,NEWCAP.CO,stock,DKK
SE0005101003,NEXAM,Nexam Chemical Holding,Nasdaq Stockholm,NEXAM.ST,stock,SEK
DK0061417144,NEXCOM,Nexcom,Nasdaq Copenhagen,NEXCOM.CO,stock,DKK
SE0023641311,NFGAB,Nordic Flanges Group,Nasdaq Stockholm,NFGAB.ST,stock,SEK
SE0015988019,NIBE B,NIBE Industrier B,Nasdaq Stockholm,NIBE-B.ST,stock,SEK
SE0005454873,NICA,Nanologica,Nasdaq Stockholm,NICA.ST,stock,SEK
SE0005506185,NICO,Nicoccino Holding,Nasdaq Stockholm,NICO.ST,stock,SEK
SE0011528017,NIO,Nordic Iron Ore,Nasdaq Stockholm,NIO.ST,stock,SEK
FI4000242961,NITRO,Nitro Games,Nasdaq Stockholm,NITRO.ST,stock,SEK
SE0017083272,NIVI B,Nivika Fastigheter B,Nasdaq Stockholm,NIVI-B.ST,stock,SEK
DK0010287663,NKT,NKT,Nasdaq Copenhagen,NKT.CO,stock,DKK
FI0009900187,NLG1V,Nurminen Logistics Oyj,Nasdaq Helsinki,NLG1V.HE,stock,EUR
SE0011204510,NMAN,Nederman Holding,Nasdaq Stockholm,NMAN.ST,stock,SEK
SE0001838038,NNH,New Nordic Healthbrands,Nasdaq Stockholm,NNH.ST,stock,SEK
DK0060580512,NNIT,NNIT,Nasdaq Copenhagen,NNIT.CO,stock,DKK
SE0023135298,NOBA,NOBA Bank Group,Nasdaq Stockholm,NOBA.ST,stock,SEK
SE0028900134,NOBI,Nobia,Nasdaq Stockholm,NOBI.ST,stock,SEK
FI4000064332,NOHO,NoHo Partners Oyj,Nasdaq Helsinki,NOHO.HE,stock,EUR
FI0009000681,NOKIA,Nokia Oyj,Nasdaq Helsinki,NOKIA.HE,stock,EUR
SE0015962477,NOLA B,Nolato B,Nasdaq Stockholm,NOLA-B.ST,stock,SEK
SE0015812128,NORB B,Nordisk Bergteknik B,Nasdaq Stockholm,NORB-B.ST,stock,SEK
SE0017831795,NORION,Norion Bank,Nasdaq Stockholm,NORION.ST,stock,SEK
FI4000251954,NORRH,Norrhydro Group Oyj,Nasdaq Helsinki,NORRH.HE,stock,EUR
DK0010270347,NORTHM,North Media,Nasdaq Copenhagen,NORTHM.CO,stock,DKK
SE0006994539,NOSA,Nosa Plugs,Nasdaq Stockholm,NOSA.ST,stock,SEK
SE0001161654,NOTE,NOTE,Nasdaq Stockholm,NOTE.ST,stock,SEK
SE0016843486,NOTEK,Norditek Group,Nasdaq Stockholm,NOTEK.ST,stock,SEK
IS0000031045,NOVA,Nova Klúbburinn,Nasdaq Iceland,NOVA.IC,stock,ISK
DK0062498333,NOVO B,Novo Nordisk B,Nasdaq Copenhagen,NOVO-B.CO,stock,DKK
SE0010820514,NP3 PREF,NP3 Fastigheter Pref,Nasdaq Stockholm,NP3-PREF.ST,stock,SEK
SE0006342333,NP3,NP3 Fastigheter,Nasdaq Stockholm,NP3.ST,stock,SEK
SE0030263315,NRDAMP,NordAmps,Nasdaq Stockholm,NRDAMP.ST,stock,SEK
SE0022088217,NREST,Nordrest Holding,Nasdaq Stockholm,NREST.ST,stock,SEK
DK0060336014,NSIS B,Novonesis (Novozymes) B,Nasdaq Copenhagen,NSIS-B.CO,stock,DKK
SE0028825042,NTECH,Stockholm Nordtech Group,Nasdaq Stockholm,NTECH.ST,stock,SEK
SE0000567752,NTEK B,NOVOTEK B,Nasdaq Stockholm,NTEK-B.ST,stock,SEK
DK0061141215,NTG,NTG Nordic Transport Group,Nasdaq Copenhagen,NTG.CO,stock,DKK
SE0009723125,NXTCL,NextCell Pharma,Nasdaq Stockholm,NXTCL.ST,stock,SEK
FI4000506811,NXTMH,Nexstim Oyj,Nasdaq Helsinki,NXTMH.HE,stock,EUR
SE0022242434,NYAB,NYAB,Nasdaq Stockholm,NYAB.ST,stock,SEK
SE0001552357,NYOR,Nyorda,Nasdaq Stockholm,NYOR.ST,stock,SEK
SE0017133838,OBAB,Online Brands Nordic,Nasdaq Stockholm,OBAB.ST,stock,SEK
SE0017911704,OBSE,Observit,Nasdaq Stockholm,OBSE.ST,stock,SEK
CH1242303498,OCS,Oculis Holding,Nasdaq Iceland,OCS.IC,stock,ISK
SE0028329433,OCTV SDB,Octave Intelligence SDB,Nasdaq Stockholm,OCTV-SDB.ST,stock,SEK
SE0017766843,OEM B,OEM International B,Nasdaq Stockholm,OEM-B.ST,stock,SEK
SE0008406151,OGUN B,Ogunsen B,Nasdaq Stockholm,OGUN-B.ST,stock,SEK
DK0061277894,OKEAC,Østasiatiske Kompagni,Nasdaq Copenhagen,OKEAC.CO,stock,DKK
FI0009900401,OLVAS,Olvi Oyj A,Nasdaq Helsinki,OLVAS.HE,stock,EUR
FI4000306733,OMASP,Oma Säästöpankki Oyj,Nasdaq Helsinki,OMASP.HE,stock,EUR
SE0009414576,ONCO,Oncopeptides,Nasdaq Stockholm,ONCO.ST,stock,SEK
SE0015504097,ONCOZ,OncoZenge,Nasdaq Stockholm,ONCOZ.ST,stock,SEK
SE0017564461,ONEF,Oneflow,Nasdaq Stockholm,ONEF.ST,stock,SEK
SE0020699296,OODA,OODA AI,Nasdaq Stockholm,OODA.ST,stock,SEK
SE0016829501,OPTER,Opter,Nasdaq Stockholm,OPTER.ST,stock,SEK
SE0005881786,OPTI,OptiCept Technologies,Nasdaq Stockholm,OPTI.ST,stock,SEK
FI4000410881,OPTOMED,Optomed Oyj,Nasdaq Helsinki,OPTOMED.HE,stock,EUR
SE0008321608,ORES,Öresund,Nasdaq Stockholm,ORES.ST,stock,SEK
SE0006510335,ORGC,OrganoClick,Nasdaq Stockholm,ORGC.ST,stock,SEK
FI0009014351,ORIOLA,Oriola Oyj,Nasdaq Helsinki,ORIOLA.HE,stock,EUR
FI0009014369,ORNAV,Orion Oyj A,Nasdaq Helsinki,ORNAV.HE,stock,EUR
FI0009014377,ORNBV,Orion Oyj B,Nasdaq Helsinki,ORNBV.HE,stock,EUR
SE0000825820,ORRON,Orrön Energy,Nasdaq Stockholm,ORRON.ST,stock,SEK
DK0060094928,ORSTED,Ørsted,Nasdaq Copenhagen,ORSTED.CO,stock,DKK
SE0005676103,ORT B,Ortoma B,Nasdaq Stockholm,ORT-B.ST,stock,SEK
FI4000480504,ORTHEX,Orthex Oyj,Nasdaq Helsinki,ORTHEX.HE,stock,EUR
SE0000188930,ORTI A,Ortivus A,Nasdaq Stockholm,ORTI-A.ST,stock,SEK
SE0000123085,ORTI B,Ortivus B,Nasdaq Stockholm,ORTI-B.ST,stock,SEK
SE0020551679,ORTIN,Ortelius International,Nasdaq Stockholm,ORTIN.ST,stock,SEK
SE0000736415,ORX,Orexo,Nasdaq Stockholm,ORX.ST,stock,SEK
SE0012570448,OSSD,OssDsign,Nasdaq Stockholm,OSSD.ST,stock,SEK
FI0009002422,OUT1V,Outokumpu Oyj,Nasdaq Helsinki,OUT1V.HE,stock,EUR
FI4000349113,OVARO,Ovaro Kiinteistösijoitus Oyj,Nasdaq Helsinki,OVARO.HE,stock,EUR
SE0010948711,OVZON,Ovzon,Nasdaq Stockholm,OVZON.ST,stock,SEK
SE0009888613,OXE,OXE Marine,Nasdaq Stockholm,OXE.ST,stock,SEK
DK0060700516,PAAL B,Per Aarsleff Holding B,Nasdaq Copenhagen,PAAL-B.CO,stock,DKK
SE0015961222,PACT,Proact IT Group,Nasdaq Stockholm,PACT.ST,stock,SEK
SE0024173728,PADEL,Acenta Group,Nasdaq Stockholm,PADEL.ST,stock,SEK
FI4000575048,PALLAS,Pallas Air Oyj,Nasdaq Helsinki,PALLAS.HE,stock,EUR
FI4000508023,PAMPALO,Endomines Finland Oyj,Nasdaq Helsinki,PAMPALO.HE,stock,EUR
DK0010237643,PARKEN,PARKEN Sport & Entertainment,Nasdaq Copenhagen,PARKEN.CO,stock,DKK
DK0010158500,PARKST A,Park Street A,Nasdaq Copenhagen,PARKST-A.CO,stock,DKK
SE0009806284,PAX,Paxman,Nasdaq Stockholm,PAX.ST,stock,SEK
SE0006425815,PCELL,PowerCell Sweden,Nasdaq Stockholm,PCELL.ST,stock,SEK
SE0006091724,PCOM B,Precomp Solutions B,Nasdaq Stockholm,PCOM-B.ST,stock,SEK
SE0008294953,PDX,Paradox Interactive,Nasdaq Stockholm,PDX.ST,stock,SEK
SE0000106205,PEAB B,Peab B,Nasdaq Stockholm,PEAB-B.ST,stock,SEK
DK0061155009,PEG,Pharma Equity Group,Nasdaq Copenhagen,PEG.CO,stock,DKK
SE0022726311,PERP B,Perpetua Medical B,Nasdaq Stockholm,PERP-B.ST,stock,SEK
DK0010128008,PFINV,Papirfabrikken Invest,Nasdaq Copenhagen,PFINV.CO,stock,DKK
SE0015658364,PIERCE,Pierce Group,Nasdaq Stockholm,PIERCE.ST,stock,SEK
FI4000092556,PIHLIS,Pihlajalinna Oyj,Nasdaq Helsinki,PIHLIS.HE,stock,EUR
SE0015988274,PILA,PILA PHARMA,Nasdaq Stockholm,PILA.ST,stock,SEK
SE0000567539,PION B,PION Group B,Nasdaq Stockholm,PION-B.ST,stock,SEK
SE0004977692,PLAZ B,Platzer Fastigheter Holding B,Nasdaq Stockholm,PLAZ-B.ST,stock,SEK
FI0009800379,PNA1V,Panostaja Oyj,Nasdaq Helsinki,PNA1V.HE,stock,EUR
DK0060252690,PNDORA,Pandora,Nasdaq Copenhagen,PNDORA.CO,stock,DKK
SE0007100359,PNDX B,Pandox B,Nasdaq Stockholm,PNDX-B.ST,stock,SEK
SE0007692157,POLYG,Polygiene Group,Nasdaq Stockholm,POLYG.ST,stock,SEK
FI0009005078,PON1V,Ponsse Oyj 1,Nasdaq Helsinki,PON1V.HE,stock,EUR
FI4000592159,POSTI,Posti Group,Nasdaq Helsinki,POSTI.HE,stock,EUR
SE0000141137,PRCO B,Precio Fishbone B,Nasdaq Stockholm,PRCO-B.ST,stock,SEK
SE0018013849,PREC,Precise Biometrics,Nasdaq Stockholm,PREC.ST,stock,SEK
SE0000356008,PREV B,Prevas B,Nasdaq Stockholm,PREV-B.ST,stock,SEK
SE0015962147,PRFO,Profoto Holding,Nasdaq Stockholm,PRFO.ST,stock,SEK
SE0000233934,PRIC B,Pricer B,Nasdaq Stockholm,PRIC-B.ST,stock,SEK
DK0060137594,PRIMOF,Prime Office,Nasdaq Copenhagen,PRIMOF.CO,stock,DKK
SE0022062055,PRISMA,Prisma Properties,Nasdaq Stockholm,PRISMA.ST,stock,SEK
SE0017487242,PRO,Promimic,Nasdaq Stockholm,PRO.ST,stock,SEK
SE0000393860,PROF B,Profilgruppen B,Nasdaq Stockholm,PROF-B.ST,stock,SEK
SE0023261532,PROGEN,Prostatype Genomics,Nasdaq Stockholm,PROGEN.ST,stock,SEK
GB00BK80TJ35,PTRK,Physitrack,Nasdaq Stockholm,PTRK.ST,stock,SEK
SE0028799411,PUBLI,PPI Public Property Invest,Nasdaq Stockholm,PUBLI.ST,stock,SEK
FI4000507124,PUUILO,Puuilo Oyj,Nasdaq Helsinki,PUUILO.HE,stock,EUR
SE0013382066,QAIR,QleanAir,Nasdaq Stockholm,QAIR.ST,stock,SEK
SE0023114012,QBEN,Qben Infra,Nasdaq Stockholm,QBEN.ST,stock,SEK
SE0025667009,QBIM,QBIM,Nasdaq Stockholm,QBIM.ST,stock,SEK
SE0016829824,QCORE,Qlucore,Nasdaq Stockholm,QCORE.ST,stock,SEK
SE0010245373,QIIWI,Qiiwi Games,Nasdaq Stockholm,QIIWI.ST,stock,SEK
DK0061677135,QINTER,Q-Interline,Nasdaq Copenhagen,QINTER.CO,stock,DKK
SE0022574331,QLIFE,QLife Holding,Nasdaq Stockholm,QLIFE.ST,stock,SEK
SE0025420714,QLINEA,Q-Linea,Nasdaq Stockholm,QLINEA.ST,stock,SEK
SE0013719077,QLIRO,Qliro,Nasdaq Stockholm,QLIRO.ST,stock,SEK
FI0009008668,QPR1V,QPR Software Oyj,Nasdaq Helsinki,QPR1V.HE,stock,EUR
SE0023837091,QSYS,Qualisys Holding,Nasdaq Stockholm,QSYS.ST,stock,SEK
FI4000198031,QTCOM,Qt Group Oyj,Nasdaq Helsinki,QTCOM.HE,stock,EUR
SE0010441139,RAIL,Railcare Group,Nasdaq Stockholm,RAIL.ST,stock,SEK
FI0009002943,RAIVV,Raisio Oyj Vaihto-osake,Nasdaq Helsinki,RAIVV.HE,stock,EUR
MT0001390104,RAKE,Raketech Group Holding,Nasdaq Stockholm,RAKE.ST,stock,SEK
FI0009007355,RAP1V,Rapala VMC Oyj,Nasdaq Helsinki,RAP1V.HE,stock,EUR
SE0000191090,RATO A,Ratos A,Nasdaq Stockholm,RATO-A.ST,stock,SEK
SE0000111940,RATO B,Ratos B,Nasdaq Stockholm,RATO-B.ST,stock,SEK
FI0009004741,RAUTE,Raute Oyj,Nasdaq Helsinki,RAUTE.HE,stock,EUR
SE0000135485,RAY B,RaySearch Laboratories B,Nasdaq Stockholm,RAY-B.ST,stock,SEK
DK0060485019,RBLN B,Roblon B,Nasdaq Copenhagen,RBLN-B.CO,stock,DKK
DK0060634707,RBREW,Royal UNIBREW,Nasdaq Copenhagen,RBREW.CO,stock,DKK
FI4000603105,REAKTOR,Reaktor Group Oyj,Nasdaq Helsinki,REAKTOR.HE,stock,EUR
SE0009920994,REALFI,Realfiction Holding,Nasdaq Stockholm,REALFI.ST,stock,SEK
FI0009900468,REBL,Rebl Group Oyj,Nasdaq Helsinki,REBL.HE,stock,EUR
FI0009010912,REG1V,Revenio Group Oyj,Nasdaq Helsinki,REG1V.HE,stock,EUR
FI4000614938,REG1VN0126,Revenio Group Uudet 2026,Nasdaq Helsinki,REG1VN0126.HE,stock,EUR
IS0000020352,REITIR,Reitir,Nasdaq Iceland,REITIR.IC,stock,ISK
SE0000123671,REJL B,Rejlers B,Nasdaq Stockholm,REJL-B.ST,stock,SEK
FI0009800296,REKA,Reka Industrial Oyj,Nasdaq Helsinki,REKA.HE,stock,EUR
FI4000391487,RELAIS,Relais Group Oyj,Nasdaq Helsinki,RELAIS.HE,stock,EUR
FI4000251897,REMEDY,Remedy Entertainment Oyj,Nasdaq Helsinki,REMEDY.HE,stock,EUR
DK0010125848,RIAS B,Rias B,Nasdaq Copenhagen,RIAS-B.CO,stock,DKK
DK0060854669,RILBA,Ringkjøbing Landbobank,Nasdaq Copenhagen,RILBA.CO,stock,DKK
FI4000150016,ROBIT,Robit Oyj,Nasdaq Helsinki,ROBIT.HE,stock,EUR
DK0063855085,ROCK A,Rockwool A,Nasdaq Copenhagen,ROCK-A.CO,stock,DKK
DK0063855168,ROCK B,Rockwool B,Nasdaq Copenhagen,ROCK-B.CO,stock,DKK
SE0023950795,ROKO B,Röko B,Nasdaq Stockholm,ROKO-B.ST,stock,SEK
DK0061152170,ROV,Rovsing,Nasdaq Copenhagen,ROV.CO,stock,DKK
SE0011178201,RPLAN,Ranplan Group,Nasdaq Stockholm,RPLAN.ST,stock,SEK
SE0000112252,RROS,Rottneros,Nasdaq Stockholm,RROS.ST,stock,SEK
DK0010267129,RTX,RTX,Nasdaq Copenhagen,RTX.CO,stock,DKK
SE0015659834,RUG,RugVista Group,Nasdaq Stockholm,RUG.ST,stock,SEK
SE0020848356,RUSTA,Rusta,Nasdaq Stockholm,RUSTA.ST,stock,SEK
SE0015962485,RVRC,RVRC Holding,Nasdaq Stockholm,RVRC.ST,stock,SEK
SE0011725084,S2M,S2Medical B,Nasdaq Stockholm,S2M.ST,stock,SEK
SE0021921269,SAAB B,SAAB B,Nasdaq Stockholm,SAAB-B.ST,stock,SEK
SE0010769182,SAFETY B,mySafety Group B,Nasdaq Stockholm,SAFETY-B.ST,stock,SEK
SE0004635878,SAGA A,Sagax A,Nasdaq Stockholm,SAGA-A.ST,stock,SEK
SE0005127818,SAGA B,Sagax B,Nasdaq Stockholm,SAGA-B.ST,stock,SEK
SE0009161052,SAGA D,Sagax D,Nasdaq Stockholm,SAGA-D.ST,stock,SEK
FI0009800551,SAGCV,Saga Furs Oyj C,Nasdaq Helsinki,SAGCV.HE,stock,EUR
SE0028329540,SALIX,Salix Group,Nasdaq Stockholm,SALIX.ST,stock,SEK
SE0005308541,SALT B,SaltX Technology Holding B,Nasdaq Stockholm,SALT-B.ST,stock,SEK
FI4000552500,SAMPO DKK,Sampo Oyj A,Nasdaq Copenhagen,SAMPO-DKK.CO,stock,DKK
FI4000552500,SAMPO SEK,Sampo Oyj A,Nasdaq Stockholm,SAMPO-SEK.ST,stock,SEK
FI4000552500,SAMPO,Sampo Oyj A,Nasdaq Helsinki,SAMPO.HE,stock,EUR
SE0000667891,SAND,Sandvik,Nasdaq Stockholm,SAND.ST,stock,SEK
SE0005794617,SANION,Saniona,Nasdaq Stockholm,SANION.ST,stock,SEK
FI0009007694,SANOMA,Sanoma Oyj,Nasdaq Helsinki,SANOMA.HE,stock,EUR
SE0015192067,SAVE,Nordnet,Nasdaq Stockholm,SAVE.ST,stock,SEK
FI4000602958,SAVOX,Savox Communications Oyj,Nasdaq Helsinki,SAVOX.HE,stock,EUR
SE0023439500,SAXG,Saxlund Group,Nasdaq Stockholm,SAXG.ST,stock,SEK
SE0009554454,SBB B,Samhällsbyggnadsbo. i Norden B,Nasdaq Stockholm,SBB-B.ST,stock,SEK
SE0011844091,SBB D,Samhällsbyggnadsbo. i Norden D,Nasdaq Stockholm,SBB-D.ST,stock,SEK
FI4000348909,SBI,Sunborn International Oyj,Nasdaq Helsinki,SBI.HE,stock,EUR
SE0029301258,SBOK B,ScandBook Holding,Nasdaq Stockholm,SBOK-B.ST,stock,SEK
SE0000171886,SCA A,SCA A,Nasdaq Stockholm,SCA-A.ST,stock,SEK
SE0000112724,SCA B,SCA B,Nasdaq Stockholm,SCA-B.ST,stock,SEK
FI4000029905,SCANFL,Scanfil Oyj,Nasdaq Helsinki,SCANFL.HE,stock,EUR
DK0010253921,SCHO,Schouw & Co.,Nasdaq Copenhagen,SCHO.CO,stock,DKK
SE0029277631,SCIB,Scibase Holding,Nasdaq Stockholm,SCIB.ST,stock,SEK
SE0005999760,SCST,Scandi Standard,Nasdaq Stockholm,SCST.ST,stock,SEK
SE0003756758,SDIP B,Sdiptech B,Nasdaq Stockholm,SDIP-B.ST,stock,SEK
SE0005768124,SDOS,ScandiDos,Nasdaq Stockholm,SDOS.ST,stock,SEK
SE0009779796,SEAF,Seafire,Nasdaq Stockholm,SEAF.ST,stock,SEK
SE0000148884,SEB A,SEB A,Nasdaq Stockholm,SEB-A.ST,stock,SEK
SE0000120784,SEB C,SEB C,Nasdaq Stockholm,SEB-C.ST,stock,SEK
SE0015988167,SECARE,Swedencare,Nasdaq Stockholm,SECARE.ST,stock,SEK
SE0022419784,SECT B,SECTRA B,Nasdaq Stockholm,SECT-B.ST,stock,SEK
SE0000163594,SECU B,Securitas B,Nasdaq Stockholm,SECU-B.ST,stock,SEK
SE0015988373,SEDANA,Sedana Medical,Nasdaq Stockholm,SEDANA.ST,stock,SEK
SE0010219626,SENZA,SenzaGen,Nasdaq Stockholm,SENZA.ST,stock,SEK
SE0005365095,SERT,Serstech,Nasdaq Stockholm,SERT.ST,stock,SEK
SE0005877560,SES,Scandinavian Enviro Systems,Nasdaq Stockholm,SES.ST,stock,SEK
SE0009268279,SEYE,Smart Eye,Nasdaq Stockholm,SEYE.ST,stock,SEK
SE0002478776,SEZI,Senzime,Nasdaq Stockholm,SEZI.ST,stock,SEK
SE0015346135,SF,Stillfront Group,Nasdaq Stockholm,SF.ST,stock,SEK
SE0017082548,SFAB,Solid Försäkringsaktiebolag,Nasdaq Stockholm,SFAB.ST,stock,SEK
SE0014956819,SFAST,Stenhus Fastigheter i Norden,Nasdaq Stockholm,SFAST.ST,stock,SEK
SE0015346895,SFL,Safello Group,Nasdaq Stockholm,SFL.ST,stock,SEK
FI4000577192,SFOODS,Solar Foods Oyj,Nasdaq Helsinki,SFOODS.HE,stock,EUR
IS0000001311,SFS B,Sláturfélag Suðurlands,Nasdaq Iceland,SFS-B.IC,stock,ISK
SE0006117297,SFTR,Safeture,Nasdaq Stockholm,SFTR.ST,stock,SEK
SE0020356244,SGG,Sensys Gatso Group,Nasdaq Stockholm,SGG.ST,stock,SEK
SE0007100599,SHB A,Sv. Handelsbanken A,Nasdaq Stockholm,SHB-A.ST,stock,SEK
SE0007100607,SHB B,Sv. Handelsbanken B,Nasdaq Stockholm,SHB-B.ST,stock,SEK
SE0007640156,SHOT,Scandic Hotels Group,Nasdaq Stockholm,SHOT.ST,stock,SEK
SE0020050359,SIBEK,SIBEK,Nasdaq Stockholm,SIBEK.ST,stock,SEK
DK0060038933,SIG,Scandinavian Investment Group,Nasdaq Copenhagen,SIG.CO,stock,DKK
FI4000043435,SIILI,Siili Solutions Oyj,Nasdaq Helsinki,SIILI.HE,stock,EUR
SE0028000190,SILEX,Silex Microsystems,Nasdaq Stockholm,SILEX.ST,stock,SEK
SE0008091664,SIMRIS B,Simris Group B,Nasdaq Stockholm,SIMRIS-B.ST,stock,SEK
SE0016101844,SINCH,Sinch,Nasdaq Stockholm,SINCH.ST,stock,SEK
SE0000950982,SINT,SinterCast,Nasdaq Stockholm,SINT.ST,stock,SEK
FI4000480215,SITOWS,Sitowise Group Oyj,Nasdaq Helsinki,SITOWS.HE,stock,EUR
SE0003917798,SIVE,Sivers Semiconductors,Nasdaq Stockholm,SIVE.ST,stock,SEK
SE0000201253,SIVI,Siljansvik,Nasdaq Stockholm,SIVI.ST,stock,SEK
DK0060670776,SJF,SJF Bank,Nasdaq Copenhagen,SJF.CO,stock,DKK
IS0000024602,SJOVA,Sjóvá-Almennar tryggingar,Nasdaq Iceland,SJOVA.IC,stock,ISK
SE0000113250,SKA B,Skanska B,Nasdaq Stockholm,SKA-B.ST,stock,SEK
IS0000007078,SKAGI,Skagi,Nasdaq Iceland,SKAGI.IC,stock,ISK
IS0000000503,SKEL,Skel fjárfestingafélag,Nasdaq Iceland,SKEL.IC,stock,ISK
SE0000108201,SKF A,SKF A,Nasdaq Stockholm,SKF-A.ST,stock,SEK
SE0000108227,SKF B,SKF B,Nasdaq Stockholm,SKF-B.ST,stock,SEK
SE0012141687,SKIS B,SkiStar B,Nasdaq Stockholm,SKIS-B.ST,stock,SEK
DK0010295922,SKJE,Skjern Bank,Nasdaq Copenhagen,SKJE.CO,stock,DKK
SE0017885338,SKMO,Skåne-möllan,Nasdaq Stockholm,SKMO.ST,stock,SEK
SE0017615784,SKOLON,Skolon,Nasdaq Stockholm,SKOLON.ST,stock,SEK
SE0015961404,SLEEP,Sleep Cycle,Nasdaq Stockholm,SLEEP.ST,stock,SEK
SE0017565476,SLP B,Swedish Logistic Property B,Nasdaq Stockholm,SLP-B.ST,stock,SEK
SE0027597691,SMCRT,SmartCraft Group,Nasdaq Stockholm,SMCRT.ST,stock,SEK
DK0061675006,SMSMED,Scandinavian Medical Solutions,Nasdaq Copenhagen,SMSMED.CO,stock,DKK
SE0028000992,SNM SDB,ShaMaran Petroleum Ltd,Nasdaq Stockholm,SNM-SDB.ST,stock,SEK
SE0006260865,SNX,Premium Snacks Nordic,Nasdaq Stockholm,SNX.ST,stock,SEK
SE0000872095,SOBI,Swedish Orphan Biovitrum,Nasdaq Stockholm,SOBI.ST,stock,SEK
SE0016276539,SODER,Söder Sportfiske,Nasdaq Stockholm,SODER.ST,stock,SEK
SE0000323305,SOF B,Softronic B,Nasdaq Stockholm,SOF-B.ST,stock,SEK
DK0010274844,SOLAR B,Solar B,Nasdaq Copenhagen,SOLAR-B.CO,stock,DKK
IS0000033173,SOLID,Solid Clouds,Nasdaq Iceland,SOLID.IC,stock,ISK
SE0009155211,SOLNA,Solnaberg Property,Nasdaq Stockholm,SOLNA.ST,stock,SEK
SE0005392537,SOLT,SolTech Energy Sweden,Nasdaq Stockholm,SOLT.ST,stock,SEK
FI0009007991,SOLTEQ,Solteq Oyj,Nasdaq Helsinki,SOLTEQ.HE,stock,EUR
FI4000452545,SOLWERS,Solwers Oyj,Nasdaq Helsinki,SOLWERS.HE,stock,EUR
SE0009580517,SONE,Sonetel,Nasdaq Stockholm,SONE.ST,stock,SEK
SE0001057910,SOSI1,Sotkamo Silver AB,Nasdaq Helsinki,SOSI1.HE,stock,EUR
SE0000483943,SPACEN B,Space Nord Invest B,Nasdaq Stockholm,SPACEN-B.ST,stock,SEK
SE0004899474,SPAGO,Spago Nanomedical,Nasdaq Stockholm,SPAGO.ST,stock,SEK
SE0007158118,SPEC,SpectraCure,Nasdaq Stockholm,SPEC.ST,stock,SEK
SE0006994448,SPEONE,SpectrumOne,Nasdaq Stockholm,SPEONE.ST,stock,SEK
DK0061027356,SPG,SP Group,Nasdaq Copenhagen,SPG.CO,stock,DKK
FI4000507595,SPINN,Spinnova Oyj,Nasdaq Helsinki,SPINN.HE,stock,EUR
FI4000369442,SPRING,Springvest Oyj,Nasdaq Helsinki,SPRING.HE,stock,EUR
SE0006343745,SPRINT,Sprint Bioscience,Nasdaq Stockholm,SPRINT.ST,stock,SEK
FI4000523675,SRV1V,SRV Yhtiöt Oyj,Nasdaq Helsinki,SRV1V.HE,stock,EUR
SE0000171100,SSAB A,SSAB A,Nasdaq Stockholm,SSAB-A.ST,stock,SEK
SE0000120669,SSAB B,SSAB B,Nasdaq Stockholm,SSAB-B.ST,stock,SEK
SE0000171100,SSABAH,SSAB A,Nasdaq Helsinki,SSABAH.HE,stock,EUR
SE0000120669,SSABBH,SSAB B,Nasdaq Helsinki,SSABBH.HE,stock,EUR
FI0009008270,SSH1V,SSH Communications Security,Nasdaq Helsinki,SSH1V.HE,stock,EUR
SE0007158928,STAR A,Starbreeze A,Nasdaq Stockholm,STAR-A.ST,stock,SEK
SE0005992831,STAR B,Starbreeze B,Nasdaq Stockholm,STAR-B.ST,stock,SEK
FI0009007603,STE A,Stora Enso A,Nasdaq Stockholm,STE-A.ST,stock,SEK
FI0009007611,STE R,Stora Enso R,Nasdaq Stockholm,STE-R.ST,stock,SEK
FI4000609714,STEADY,Steady Energy Oyj,Nasdaq Helsinki,STEADY.HE,stock,EUR
FI0009005953,STEAV,Stora Enso Oyj A,Nasdaq Helsinki,STEAV.HE,stock,EUR
SE0006543344,STEF B,Stendörren Fastigheter B,Nasdaq Stockholm,STEF-B.ST,stock,SEK
DK0061078425,STENO,STENOCARE,Nasdaq Copenhagen,STENO.CO,stock,DKK
FI0009005961,STERV,Stora Enso Oyj R,Nasdaq Helsinki,STERV.HE,stock,EUR
DK0060696300,STG,Scandinavian Tobacco Group,Nasdaq Copenhagen,STG.CO,stock,DKK
SE0000998650,STIL,Stille,Nasdaq Stockholm,STIL.ST,stock,SEK
SE0016797732,STOR B,Storskogen Group B,Nasdaq Stockholm,STOR-B.ST,stock,SEK
SE0007439443,STORY B,Storytel B,Nasdaq Stockholm,STORY-B.ST,stock,SEK
DK0062502894,STRAP,Strategic Partners,Nasdaq Copenhagen,STRAP.CO,stock,DKK
DK0010271238,STRINV,Strategic Investments,Nasdaq Copenhagen,STRINV.CO,stock,DKK
SE0015657697,STUDBO,Studentbostäder i Norden,Nasdaq Stockholm,STUDBO.ST,stock,SEK
SE0009242175,STW,SeaTwirl,Nasdaq Stockholm,STW.ST,stock,SEK
SE0012257970,STWK,Stockwik,Nasdaq Stockholm,STWK.ST,stock,SEK
SE0026820854,SUBGEN,Subgen AI,Nasdaq Stockholm,SUBGEN.ST,stock,SEK
FI4000592282,SUMMA,Summa Defence Oyj,Nasdaq Helsinki,SUMMA.HE,stock,EUR
FI4000592282,SUMMAS,Summa Defence Oyj,Nasdaq Stockholm,SUMMAS.ST,stock,SEK
SE0014428512,SUS,Surgical Science Sweden,Nasdaq Stockholm,SUS.ST,stock,SEK
FI0009010862,SUY1V,Suominen Oyj,Nasdaq Helsinki,SUY1V.HE,stock,EUR
SE0029856053,SVEAF B,Sveafastigheter,Nasdaq Stockholm,SVEAF-B.ST,stock,SEK
SE0000407991,SVED B,Svedbergs Group B,Nasdaq Stockholm,SVED-B.ST,stock,SEK
SE0029300953,SVEVIK,Svevik Industri,Nasdaq Stockholm,SVEVIK.ST,stock,SEK
SE0000653230,SVIK,Studsvik,Nasdaq Stockholm,SVIK.ST,stock,SEK
IS0000000479,SVN,Síldarvinnslan,Nasdaq Iceland,SVN.IC,stock,ISK
SE0017161441,SVOL A,Svolder A,Nasdaq Stockholm,SVOL-A.ST,stock,SEK
SE0017161458,SVOL B,Svolder B,Nasdaq Stockholm,SVOL-B.ST,stock,SEK
SE0014960365,SWEC A,SWECO A,Nasdaq Stockholm,SWEC-A.ST,stock,SEK
SE0014960373,SWEC B,SWECO B,Nasdaq Stockholm,SWEC-B.ST,stock,SEK
SE0000242455,SWED A,Swedbank A,Nasdaq Stockholm,SWED-A.ST,stock,SEK
DK0061805660,SWISS,Swiss Properties Invest,Nasdaq Copenhagen,SWISS.CO,stock,DKK
IS0000020485,SYN,Sýn,Nasdaq Iceland,SYN.IC,stock,ISK
SE0008241491,SYNACT,SynAct Pharma,Nasdaq Stockholm,SYNACT.ST,stock,SEK
SE0016829709,SYNSAM,Synsam,Nasdaq Stockholm,SYNSAM.ST,stock,SEK
SE0016609499,SYSR,Systemair,Nasdaq Stockholm,SYSR.ST,stock,SEK
FI4000062195,TAALA,Taaleri Oyj,Nasdaq Helsinki,TAALA.HE,stock,EUR
SE0015950399,TAGM B,TagMaster B,Nasdaq Stockholm,TAGM-B.ST,stock,SEK
CH0322161768,TALK,TalkPool,Nasdaq Stockholm,TALK.ST,stock,SEK
FI4000349378,TALLINK,AS Tallink Grupp FDR,Nasdaq Helsinki,TALLINK.HE,stock,EUR
FI4000541313,TAMTRON,Tamtron Group Oyj,Nasdaq Helsinki,TAMTRON.HE,stock,EUR
SE0029278985,TANGEN B,Tången Industrikapital,Nasdaq Stockholm,TANGEN-B.ST,stock,SEK
DK0060915478,TCM,TCM Group,Nasdaq Copenhagen,TCM.CO,stock,DKK
FI4000581756,TEKOVA,Tekova Oyj,Nasdaq Helsinki,TEKOVA.HE,stock,EUR
SE0005190220,TEL2 A,Tele2 A,Nasdaq Stockholm,TEL2-A.ST,stock,SEK
SE0005190238,TEL2 B,Tele2 B,Nasdaq Stockholm,TEL2-B.ST,stock,SEK
SE0000667925,TELIA,Telia Company,Nasdaq Stockholm,TELIA.ST,stock,SEK
SE0000667925,TELIA1,Telia Company,Nasdaq Helsinki,TELIA1.HE,stock,EUR
SE0015504519,TELLUS,Tellusgruppen,Nasdaq Stockholm,TELLUS.ST,stock,SEK
FI4000570890,TEM1V,Tecnotree Oyj,Nasdaq Helsinki,TEM1V.HE,stock,EUR
SE0018397184,TENEO,Teneo AI,Nasdaq Stockholm,TENEO.ST,stock,SEK
SE0012308088,TEQ,Teqnion,Nasdaq Stockholm,TEQ.ST,stock,SEK
SE0025159023,TERNOR,Terranor Group,Nasdaq Stockholm,TERNOR.ST,stock,SEK
DK0061537206,TGAMES,TROPHY GAMES Development,Nasdaq Copenhagen,TGAMES.CO,stock,DKK
SE0006422390,THULE,Thule Group,Nasdaq Stockholm,THULE.ST,stock,SEK
FI0009000277,TIETO,Tieto Oyj,Nasdaq Helsinki,TIETO.HE,stock,EUR
FI0009000277,TIETOS,Tieto Oyj,Nasdaq Stockholm,TIETOS.ST,stock,SEK
SE0018534471,TINGS A,Tingsvalvet Fastighets A,Nasdaq Stockholm,TINGS-A.ST,stock,SEK
SE0018534497,TINGS B,Tingsvalvet Fastighets B,Nasdaq Stockholm,TINGS-B.ST,stock,SEK
SE0018040727,TINGS PREF,Tingsvalvet Fastighets PREF,Nasdaq Stockholm,TINGS-PREF.ST,stock,SEK
SE0017132129,TITA B,Titania Holding B,Nasdaq Stockholm,TITA-B.ST,stock,SEK
FI4000270350,TITAN,Titanium Oyj,Nasdaq Helsinki,TITAN.HE,stock,EUR
DK0060726743,TIV,Tivoli A/S,Nasdaq Copenhagen,TIV.CO,stock,DKK
FI0009007728,TLT1V,Teleste Oyj,Nasdaq Helsinki,TLT1V.HE,stock,EUR
FI4000598149,TNOM,Talenom Oyj,Nasdaq Helsinki,TNOM.HE,stock,EUR
SE0002591420,TOBII,Tobii,Nasdaq Stockholm,TOBII.ST,stock,SEK
FI4000496716,TOIVO,Toivo Group Oyj,Nasdaq Helsinki,TOIVO.HE,stock,EUR
FI4000197934,TOKMAN,Tokmanni Group Oyj,Nasdaq Helsinki,TOKMAN.HE,stock,EUR
SE0005568482,TOURN,Tourn International,Nasdaq Stockholm,TOURN.ST,stock,SEK
SE0000391716,TRAC B,Traction  B,Nasdaq Stockholm,TRAC-B.ST,stock,SEK
SE0020540144,TRAIN B,Train Alliance B,Nasdaq Stockholm,TRAIN-B.ST,stock,SEK
SE0006758587,TRANS,Transtema Group,Nasdaq Stockholm,TRANS.ST,stock,SEK
SE0000114837,TREL B,Trelleborg B,Nasdaq Stockholm,TREL-B.ST,stock,SEK
FI4000519202,TRH1V,Trainers´ House Oyj,Nasdaq Helsinki,TRH1V.HE,stock,EUR
SE0018013658,TRIAN B,Trianon B,Nasdaq Stockholm,TRIAN-B.ST,stock,SEK
SE0010600429,TRIBO B,Tribox Group B,Nasdaq Stockholm,TRIBO-B.ST,stock,SEK
CH1111227810,TRIFOR,Trifork Group,Nasdaq Copenhagen,TRIFOR.CO,stock,DKK
GB00BZ3CNK81,TRMD A,TORM A,Nasdaq Copenhagen,TRMD-A.CO,stock,DKK
SE0012729366,TROAX,Troax Group,Nasdaq Stockholm,TROAX.ST,stock,SEK
SE0016787071,TRUE B,Truecaller B,Nasdaq Stockholm,TRUE-B.ST,stock,SEK
DK0060636678,TRYG,Tryg,Nasdaq Copenhagen,TRYG.CO,stock,DKK
SE0010469221,TSEC,Tempest Security,Nasdaq Stockholm,TSEC.ST,stock,SEK
FI4000252127,TTALO,Terveystalo Oyj,Nasdaq Helsinki,TTALO.HE,stock,EUR
FI0009900583,TULAV,Tulikivi Oyj A,Nasdaq Helsinki,TULAV.HE,stock,EUR
FI0009005318,TYRES,Nokian Renkaat Oyj,Nasdaq Helsinki,TYRES.HE,stock,EUR
MT0002400118,UIE,UIE Plc,Nasdaq Copenhagen,UIE.CO,stock,DKK
SE0009606809,UNIBAP,Unibap Space Solutions,Nasdaq Stockholm,UNIBAP.ST,stock,SEK
FI4000081427,UNITED,United Bankers Oyj,Nasdaq Helsinki,UNITED.HE,stock,EUR
DK0060816148,UNLGRP,Unlimit Group,Nasdaq Copenhagen,UNLGRP.CO,stock,DKK
FI0009005987,UPM,UPM-Kymmene Oyj,Nasdaq Helsinki,UPM.HE,stock,EUR
SE0011985514,UPSALE,Upsales Technology,Nasdaq Stockholm,UPSALE.ST,stock,SEK
SE0015949771,USWE,USWE Sports,Nasdaq Stockholm,USWE.ST,stock,SEK
SE0001834821,UTG,Unlimited Travel Group,Nasdaq Stockholm,UTG.ST,stock,SEK
FI0009900682,VAIAS,Vaisala Oyj A,Nasdaq Helsinki,VAIAS.HE,stock,EUR
FI4000074984,VALMT,Valmet Oyj,Nasdaq Helsinki,VALMT.HE,stock,EUR
SE0000115107,VBG B,VBG GROUP B,Nasdaq Stockholm,VBG-B.ST,stock,SEK
SE0016128151,VEFAB,VEF,Nasdaq Stockholm,VEFAB.ST,stock,SEK
SE0018538068,VER,Verve Group Media,Nasdaq Stockholm,VER.ST,stock,SEK
FI4000049812,VERK,Verkkokauppa.com Oyj,Nasdaq Helsinki,VERK.HE,stock,EUR
SE0012481133,VERT B,Vertiseit B,Nasdaq Stockholm,VERT-B.ST,stock,SEK
SE0029301191,VETT,Vetted Assets,Nasdaq Stockholm,VETT.ST,stock,SEK
SE0017767031,VH,Västra Hamnen Corp. Finance,Nasdaq Stockholm,VH.ST,stock,SEK
FI4000349212,VIAFIN,Viafin Service Oyj,Nasdaq Helsinki,VIAFIN.HE,stock,EUR
SE0007577895,VICO,Vicore Pharma Holding,Nasdaq Stockholm,VICO.ST,stock,SEK
FI0009005250,VIK1V,Viking Line Abp,Nasdaq Helsinki,VIK1V.HE,stock,EUR
SE0007439633,VIMAB,Vimab Group,Nasdaq Stockholm,VIMAB.ST,stock,SEK
SE0015961982,VIMIAN,Vimian Group,Nasdaq Stockholm,VIMIAN.ST,stock,SEK
FI4000185533,VINCIT,Vincit Oyj,Nasdaq Helsinki,VINCIT.HE,stock,EUR
DK0061030574,VIRO,ViroGates,Nasdaq Copenhagen,VIRO.CO,stock,DKK
SE0021148160,VISC,Gruvaktiebolaget Viscaria,Nasdaq Stockholm,VISC.ST,stock,SEK
SE0007871363,VIT B,Vitec Software Group B,Nasdaq Stockholm,VIT-B.ST,stock,SEK
SE0011205202,VITR,Vitrolife,Nasdaq Stockholm,VITR.ST,stock,SEK
SE0028925701,VIVE,Vivesto,Nasdaq Stockholm,VIVE.ST,stock,SEK
SE0014428835,VNV,VNV Global,Nasdaq Stockholm,VNV.ST,stock,SEK
SE0016802797,VO2,VO2 Cap Holding,Nasdaq Stockholm,VO2.ST,stock,SEK
SE0021628898,VOLCAR B,Volvo Car B,Nasdaq Stockholm,VOLCAR-B.ST,stock,SEK
SE0009143670,VOLO PREF,Volati Pref,Nasdaq Stockholm,VOLO-PREF.ST,stock,SEK
SE0009143662,VOLO,Volati,Nasdaq Stockholm,VOLO.ST,stock,SEK
SE0000115420,VOLV A,Volvo A,Nasdaq Stockholm,VOLV-A.ST,stock,SEK
SE0000115446,VOLV B,Volvo B,Nasdaq Stockholm,VOLV-B.ST,stock,SEK
SE0012324226,VPLAY A,Viaplay Group A,Nasdaq Stockholm,VPLAY-A.ST,stock,SEK
SE0012116390,VPLAY B,Viaplay Group B,Nasdaq Stockholm,VPLAY-B.ST,stock,SEK
SE0010820613,VSSAB B,Viking Supply Ships B,Nasdaq Stockholm,VSSAB-B.ST,stock,SEK
GB00BVMN1558,VSURE,Verisure,Nasdaq Stockholm,VSURE.ST,stock,EUR
SE0017232838,VUXEN,Vuxen Group,Nasdaq Stockholm,VUXEN.ST,stock,SEK
DK0061539921,VWS,Vestas Wind Systems,Nasdaq Copenhagen,VWS.CO,stock,DKK
SE0016786040,W5,W5 Solutions,Nasdaq Stockholm,W5.ST,stock,SEK
SE0017780133,WALL B,Wallenstam B,Nasdaq Stockholm,WALL-B.ST,stock,SEK
SE0007577077,WAYS,Waystream Group,Nasdaq Stockholm,WAYS.ST,stock,SEK
SE0014453874,WBGR B,Wästbygg Gruppen B,Nasdaq Stockholm,WBGR-B.ST,stock,SEK
FI0009012793,WETTERI,Wetteri Oyj,Nasdaq Helsinki,WETTERI.HE,stock,EUR
SE0018012635,WIHL,Wihlborgs Fastigheter,Nasdaq Stockholm,WIHL.ST,stock,SEK
DK0060040913,WIRTEK,WIRTEK,Nasdaq Copenhagen,WIRTEK.CO,stock,DKK
SE0007277876,WISE,Wise Group,Nasdaq Stockholm,WISE.ST,stock,SEK
FI4000517461,WITTED,Witted Megacorp Oyj,Nasdaq Helsinki,WITTED.HE,stock,EUR
DK0064532444,WMA,WindowMaster International,Nasdaq Copenhagen,WMA.CO,stock,DKK
SE0002169292,WPAY,Westpay,Nasdaq Stockholm,WPAY.ST,stock,SEK
SE0020203271,WPTG B,White Pearl Technology Group B,Nasdaq Stockholm,WPTG-B.ST,stock,SEK
FI0009003727,WRT1V,Wärtsilä Oyj Abp,Nasdaq Helsinki,WRT1V.HE,stock,EUR
SE0016278139,WRV,WebRock Ventures,Nasdaq Stockholm,WRV.ST,stock,SEK
SE0026853335,WSG,WS WeSports Group,Nasdaq Stockholm,WSG.ST,stock,SEK
SE0016075246,WTW A,Wall to Wall Group A,Nasdaq Stockholm,WTW-A.ST,stock,SEK
FI0009008452,WUF1V,Wulff-Yhtiöt Oyj,Nasdaq Helsinki,WUF1V.HE,stock,EUR
SE0027099078,WYLD,Wyld Networks,Nasdaq Stockholm,WYLD.ST,stock,SEK
SE0018014151,XANO B,XANO Industri B,Nasdaq Stockholm,XANO-B.ST,stock,SEK
SE0026598583,XBRANE,Xbrane Biopharma,Nasdaq Stockholm,XBRANE.ST,stock,SEK
SE0007756903,XINT,Xintela,Nasdaq Stockholm,XINT.ST,stock,SEK
SE0009664188,XMR,XMReality,Nasdaq Stockholm,XMR.ST,stock,SEK
SE0016787279,XPC,XP Chemistries,Nasdaq Stockholm,XPC.ST,stock,SEK
SE0009973563,XSPRAY,Xspray Pharma,Nasdaq Stockholm,XSPRAY.ST,stock,SEK
SE0004840718,XVIVO,Xvivo Perfusion,Nasdaq Stockholm,XVIVO.ST,stock,SEK
SE0015961024,YIELD,SaveLend Group,Nasdaq Stockholm,YIELD.ST,stock,SEK
FI0009800643,YIT,YIT Oyj,Nasdaq Helsinki,YIT.HE,stock,EUR
SE0015657788,YUBICO,Yubico,Nasdaq Stockholm,YUBICO.ST,stock,SEK
SE0020354389,ZAPLOX,Zaplox,Nasdaq Stockholm,ZAPLOX.ST,stock,SEK
DK0060257814,ZEAL,Zealand Pharma,Nasdaq Copenhagen,ZEAL.CO,stock,DKK
SE0002480442,ZZ B,Zinzino B,Nasdaq Stockholm,ZZ-B.ST,stock,SEK
