yahoo_ticker,symbol,name
CW8.PA,CW8,Amundi MSCI World Swap UCITS ETF
DCAM.PA,DCAM,Amundi PEA Monde (MSCI World) UCITS ETF
EWLD.PA,EWLD,Amundi PEA MSCI World UCITS ETF
WPEA.PA,WPEA,iShares MSCI World Swap PEA UCITS ETF
PSP5.PA,PSP5,Amundi PEA S&P 500 UCITS ETF
ESE.PA,ESE,BNP Paribas Easy S&P 500 UCITS ETF
PUST.PA,PUST,Amundi PEA Nasdaq-100 UCITS ETF
PANX.PA,PANX,Amundi Nasdaq-100 Swap UCITS ETF
PAEEM.PA,PAEEM,Amundi PEA MSCI Emerging Markets UCITS ETF
PCEU.PA,PCEU,Amundi PEA MSCI Europe UCITS ETF
ETZ.PA,ETZ,BNP Paribas Easy Stoxx Europe 600 UCITS ETF
C40.PA,C40,Amundi CAC 40 UCITS ETF
CAC.PA,CAC,Amundi CAC 40 UCITS ETF Dist
MSE.PA,MSE,Amundi Euro Stoxx 50 UCITS ETF
PTPXE.PA,PTPXE,Amundi PEA Japan TOPIX UCITS ETF
PAASI.PA,PAASI,Amundi PEA Asie Émergente UCITS ETF
RS2K.PA,RS2K,Amundi Russell 2000 UCITS ETF
HLT.PA,HLT,Amundi Stoxx Europe 600 Healthcare UCITS ETF
